"chr","snp","V3","location","position"
6,"rs111429406",0,24852296,65167
6,"rs6927293",0,24852331,65168
6,"rs9467333",0,24852751,65169
6,"rs4421189",0,24852962,65170
6,"rs13199007",0,24853474,65171
6,"rs4712861",0,24853662,65172
6,"rs4712862",0,24853681,65173
6,"rs62402000",0,24854794,65174
6,"rs4431425",0,24855224,65175
6,"rs4286773",0,24855236,65176
6,"6:24855597:TTTA_",0,24855597,65177
6,"6:24855598:TTA_T",0,24855598,65178
6,"6:24855599:TA_T",0,24855599,65179
6,"rs9393593",0,24855751,65180
6,"rs4437459",0,24856323,65181
6,"6:24856372:T_TA",0,24856372,65182
6,"rs4537125",0,24856972,65183
6,"6:24857174:A_ACT",0,24857174,65184
6,"6:24857175:C_CTG",0,24857175,65185
6,"rs7775096",0,24858142,65186
6,"rs9366587",0,24858537,65187
6,"rs62402002",0,24859011,65188
6,"rs4236033",0,24859521,65189
6,"rs4364477",0,24859663,65190
6,"rs4236034",0,24860561,65191
6,"rs12664127",0,24861484,65192
6,"rs4712863",0,24861886,65193
6,"rs9379697",0,24862106,65194
6,"rs61651225",0,24862135,65195
6,"6:24863023:A_AC",0,24863023,65196
6,"rs4403252",0,24863869,65197
6,"rs34489598",0,24864001,65198
6,"rs4431426",0,24864254,65199
6,"rs4711065",0,24865323,65200
6,"rs35557721",0,24865324,65201
6,"rs4711066",0,24865328,65202
6,"rs12194442",0,24866495,65203
6,"rs35300198",0,24867522,65204
6,"rs6906206",0,24868080,65205
6,"rs9467337",0,24868249,65206
6,"rs9467338",0,24868268,65207
6,"rs2747671",0,24868837,65208
6,"rs2817746",0,24868857,65209
6,"rs2747670",0,24868911,65210
6,"rs2747669",0,24868951,65211
6,"rs2817747",0,24869300,65212
6,"rs2747668",0,24869734,65213
6,"rs2747667",0,24869887,65214
6,"rs1884161",0,24870183,65215
6,"rs1884160",0,24870285,65216
6,"rs1884159",0,24870448,65217
6,"rs2817748",0,24871021,65218
6,"rs2817749",0,24871032,65219
6,"rs2747666",0,24871357,65220
6,"rs2817750",0,24871698,65221
6,"rs6918511",0,24872014,65222
6,"rs6918387",0,24872100,65223
6,"rs10946732",0,24872443,65224
6,"rs34134038",0,24872632,65225
6,"rs35920321",0,24872685,65226
6,"rs10946735",0,24872939,65227
6,"rs9467340",0,24873314,65228
6,"rs28385634",0,24873451,65229
6,"rs35583219",0,24874152,65230
6,"rs12110774",0,24874155,65231
6,"rs12110779",0,24874322,65232
6,"rs12111413",0,24874480,65233
6,"rs35158242",0,24875061,65234
6,"rs16889761",0,24875339,65235
6,"rs35250553",0,24875626,65236
6,"rs2255339",0,24875780,65237
6,"6:24875813:C_CG",0,24875813,65238
6,"rs2255337",0,24875814,65239
6,"rs13220782",0,24875830,65240
6,"rs3792988",0,24876260,65241
6,"rs2817751",0,24876290,65242
6,"rs2747685",0,24877661,65243
6,"rs2747684",0,24878218,65244
6,"rs2817714",0,24878809,65245
6,"rs6456637",0,24879429,65246
6,"rs2817715",0,24879993,65247
6,"rs2747683",0,24880052,65248
6,"rs7760221",0,24880090,65249
6,"rs2817716",0,24880814,65250
6,"rs6930916",0,24881498,65251
6,"rs13193774",0,24881878,65252
6,"rs13194040",0,24882122,65253
6,"rs2207401",0,24882981,65254
6,"rs28360496",0,24883546,65255
6,"rs2747682",0,24884149,65256
6,"6:24884282:CTTT_",0,24884282,65257
6,"rs35258784",0,24884285,65258
6,"rs71555166",0,24884615,65259
6,"rs13192978",0,24885300,65260
6,"rs2474149",0,24885379,65261
6,"rs61595405",0,24885700,65262
6,"6:24885986:T_TA",0,24885986,65263
6,"rs66983640",0,24886187,65264
6,"rs13211772",0,24886512,65265
6,"rs9295635",0,24886851,65266
6,"rs2747681",0,24886881,65267
6,"rs13215106",0,24886893,65268
6,"rs6914915",0,24887456,65269
6,"rs2747680",0,24887485,65270
6,"rs115807805",0,24887835,65271
6,"rs2207400",0,24888224,65272
6,"6:24888243:AC_A",0,24888243,65273
6,"rs10484893",0,24888551,65274
6,"rs2747679",0,24888842,65275
6,"rs2747678",0,24888955,65276
6,"rs1154967",0,24889730,65277
6,"rs13214658",0,24890646,65278
6,"rs9356948",0,24891047,65279
6,"rs4712864",0,24891756,65280
6,"rs1007237",0,24891946,65281
6,"rs13214001",0,24891985,65282
6,"rs77495929",0,24893157,65283
6,"rs10484892",0,24893778,65284
6,"rs2817718",0,24894177,65285
6,"rs36048953",0,24894214,65286
6,"rs734015",0,24894419,65287
6,"rs734014",0,24894587,65288
6,"6:24895684:T_TC",0,24895684,65289
6,"rs2817719",0,24895887,65290
6,"rs2817720",0,24896186,65291
6,"rs80154406",0,24896269,65292
6,"rs77786537",0,24896563,65293
6,"rs2817721",0,24897847,65294
6,"rs2493330",0,24898195,65295
6,"rs71555168",0,24898406,65296
6,"rs17671350",0,24898856,65297
6,"rs35953835",0,24899013,65298
6,"rs2817722",0,24899069,65299
6,"rs926850",0,24899079,65300
6,"rs2817723",0,24899568,65301
6,"rs2817724",0,24900948,65302
6,"rs9358807",0,24900969,65303
6,"rs79976718",0,24900981,65304
6,"rs2817725",0,24901350,65305
6,"rs2817726",0,24902113,65306
6,"rs2747677",0,24904676,65307
6,"rs2817727",0,24905778,65308
6,"rs7738816",0,24906235,65309
6,"6:24906356:ATTG_",0,24906356,65310
6,"rs932494",0,24908645,65311
6,"rs2817729",0,24909729,65312
6,"rs2817730",0,24910598,65313
6,"rs2493331",0,24911471,65314
6,"6:24912758:A_AG",0,24912758,65315
6,"rs2817731",0,24913126,65316
6,"rs2747676",0,24913789,65317
6,"rs2747675",0,24914164,65318
6,"rs990958",0,24914816,65319
6,"rs2207399",0,24915050,65320
6,"rs2817733",0,24917329,65321
6,"rs2747674",0,24917961,65322
6,"rs62402041",0,24918348,65323
6,"rs2817734",0,24918425,65324
6,"rs12202765",0,24918699,65325
6,"rs2064524",0,24919115,65326
6,"rs603510",0,24920746,65327
6,"rs369689",0,24921688,65328
6,"6:24921879:G_GC",0,24921879,65329
6,"rs6932439",0,24921888,65330
6,"6:24922059:TC_T",0,24922059,65331
6,"rs586953",0,24922060,65332
6,"6:24922060:C_CT",0,24922060,65333
6,"rs113858343",0,24922069,65334
6,"rs683198",0,24922358,65335
6,"rs216265",0,24923246,65336
6,"rs430661",0,24923930,65337
6,"rs385886",0,24923935,65338
6,"rs16889797",0,24924875,65339
6,"rs216264",0,24925659,65340
6,"rs2394322",0,24926344,65341
6,"rs606162",0,24926730,65342
6,"rs62402043",0,24926924,65343
6,"rs55927112",0,24928081,65344
6,"rs9461081",0,24929488,65345
6,"rs79308066",0,24930234,65346
6,"rs216262",0,24930614,65347
6,"rs216261",0,24930894,65348
6,"rs216260",0,24931053,65349
6,"rs216259",0,24931083,65350
6,"rs216258",0,24931287,65351
6,"rs9461082",0,24932145,65352
6,"rs11760083",0,24932172,65353
6,"rs1410684",0,24932256,65354
6,"rs216257",0,24934664,65355
6,"rs10946736",0,24935257,65356
6,"rs216256",0,24935391,65357
6,"6:24935539:AAAC_",0,24935539,65358
6,"rs11751072",0,24936392,65359
6,"rs16889798",0,24936923,65360
6,"rs640845",0,24938111,65361
6,"rs640380",0,24938201,65362
6,"rs592701",0,24939827,65363
6,"rs529648",0,24939867,65364
6,"rs7742242",0,24940279,65365
6,"rs405882",0,24940400,65366
6,"rs9467354",0,24940849,65367
6,"rs6929465",0,24940877,65368
6,"rs6929680",0,24941027,65369
6,"rs419288",0,24941436,65370
6,"rs13212828",0,24941502,65371
6,"rs413203",0,24941817,65372
6,"rs414243",0,24942222,65373
6,"rs415025",0,24942506,65374
6,"rs1813711",0,24943227,65375
6,"rs1753511",0,24943454,65376
6,"rs1626145",0,24943666,65377
6,"rs9379698",0,24943696,65378
6,"rs644748",0,24943775,65379
6,"rs644722",0,24943790,65380
6,"rs34976097",0,24943831,65381
6,"rs388071",0,24943843,65382
6,"rs421817",0,24943900,65383
6,"rs413610",0,24944109,65384
6,"rs370748",0,24944217,65385
6,"rs386511",0,24944253,65386
6,"rs432593",0,24944359,65387
6,"rs431796",0,24944442,65388
6,"rs9467355",0,24944839,65389
6,"rs441957",0,24944848,65390
6,"rs495157",0,24945037,65391
6,"rs628794",0,24945077,65392
6,"rs685008",0,24945252,65393
6,"rs9356949",0,24945447,65394
6,"rs12202529",0,24946024,65395
6,"rs12216261",0,24946083,65396
6,"6:24947302:ATTC_",0,24947302,65397
6,"6:24947307:TC_T",0,24947307,65398
6,"rs587009",0,24947541,65399
6,"rs16889835",0,24947772,65400
6,"rs1739316",0,24948146,65401
6,"rs583456",0,24948280,65402
6,"rs487700",0,24948508,65403
6,"rs9467356",0,24948790,65404
6,"rs391867",0,24948976,65405
6,"rs435086",0,24949222,65406
6,"6:24949304:CT_C",0,24949304,65407
6,"rs369964",0,24949635,65408
6,"6:24950035:CCCTG",0,24950035,65409
6,"rs34705571",0,24950547,65410
6,"rs7759489",0,24950599,65411
6,"rs680009",0,24950829,65412
6,"6:24951007:CA_C",0,24951007,65413
6,"rs647297",0,24951199,65414
6,"rs1328714",0,24951300,65415
6,"rs387628",0,24951809,65416
6,"rs127485",0,24952847,65417
6,"rs618388",0,24953080,65418
6,"rs11752037",0,24953195,65419
6,"rs451084",0,24953429,65420
6,"rs413970",0,24953507,65421
6,"rs385891",0,24953512,65422
6,"rs408655",0,24953527,65423
6,"6:24954135:T_TA",0,24954135,65424
6,"6:24954673:G_GTC",0,24954673,65425
6,"6:24955738:TCCC_",0,24955738,65426
6,"6:24955742:CCCA_",0,24955742,65427
6,"rs9348651",0,24956426,65428
6,"rs379970",0,24956427,65429
6,"rs364555",0,24956518,65430
6,"rs9295637",0,24956620,65431
6,"rs652324",0,24956695,65432
6,"rs660776",0,24956789,65433
6,"rs651469",0,24956851,65434
6,"6:24956915:G_GC",0,24956915,65435
6,"6:24956917:C_CT",0,24956917,65436
6,"rs650386",0,24957131,65437
6,"rs662629",0,24957241,65438
6,"6:24957447:TA_T",0,24957447,65439
6,"rs636915",0,24957822,65440
6,"rs1739305",0,24957919,65441
6,"rs1753528",0,24958090,65442
6,"rs67879608",0,24958214,65443
6,"rs678784",0,24958507,65444
6,"rs7774462",0,24958612,65445
6,"rs622893",0,24958671,65446
6,"rs581980",0,24958679,65447
6,"rs582056",0,24958727,65448
6,"rs621948",0,24958935,65449
6,"6:24959182:T_TTT",0,24959182,65450
6,"rs620589",0,24959210,65451
6,"rs584439",0,24959250,65452
6,"rs607603",0,24959783,65453
6,"rs396599",0,24959844,65454
6,"rs418145",0,24960253,65455
6,"rs366851",0,24960390,65456
6,"rs401671",0,24960647,65457
6,"rs9393596",0,24960913,65458
6,"rs592258",0,24960918,65459
6,"rs400010",0,24961178,65460
6,"rs1028477",0,24961391,65461
6,"rs390465",0,24961656,65462
6,"rs395417",0,24961663,65463
6,"rs386732",0,24962043,65464
6,"rs413194",0,24962289,65465
6,"rs389399",0,24962311,65466
6,"rs393228",0,24962428,65467
6,"rs392661",0,24962620,65468
6,"rs438015",0,24962626,65469
6,"rs420634",0,24962684,65470
6,"6:24962863:TG_T",0,24962863,65471
6,"rs449796",0,24963024,65472
6,"rs391937",0,24963184,65473
6,"rs391652",0,24963255,65474
6,"rs555250",0,24963378,65475
6,"rs660840",0,24963404,65476
6,"rs1739326",0,24963629,65477
6,"rs673285",0,24963877,65478
6,"6:24963974:A_ATG",0,24963974,65479
6,"rs673782",0,24964002,65480
6,"rs674720",0,24964204,65481
6,"rs674772",0,24964231,65482
6,"rs675188",0,24964325,65483
6,"rs419479",0,24964733,65484
6,"rs439918",0,24964761,65485
6,"rs389397",0,24964870,65486
6,"rs364769",0,24965782,65487
6,"rs377146",0,24966149,65488
6,"rs426423",0,24966641,65489
6,"rs9295638",0,24966689,65490
6,"rs742953",0,24966983,65491
6,"rs742952",0,24967049,65492
6,"rs365630",0,24967115,65493
6,"rs10946737",0,24967240,65494
6,"rs400592",0,24967294,65495
6,"rs127489",0,24967549,65496
6,"rs454251",0,24967698,65497
6,"rs569553",0,24968301,65498
6,"rs9348652",0,24968393,65499
6,"rs9366588",0,24968625,65500
6,"rs381441",0,24968654,65501
6,"rs62401081",0,24969042,65502
6,"rs370568",0,24969481,65503
6,"rs9366589",0,24969483,65504
6,"rs9379700",0,24969983,65505
6,"rs402518",0,24970187,65506
6,"rs9348653",0,24970253,65507
6,"rs371051",0,24970354,65508
6,"6:24970387:A_AC",0,24970387,65509
6,"rs385067",0,24970926,65510
6,"rs9358809",0,24971007,65511
6,"rs371847",0,24971016,65512
6,"rs35685833",0,24971075,65513
6,"rs392899",0,24971114,65514
6,"6:24971123:A_AT",0,24971123,65515
6,"rs6900169",0,24971228,65516
6,"rs384476",0,24971307,65517
6,"rs384245",0,24971403,65518
6,"rs428877",0,24972284,65519
6,"rs442135",0,24972289,65520
6,"rs450392",0,24972441,65521
6,"rs387070",0,24972729,65522
6,"rs432006",0,24972903,65523
6,"rs390218",0,24972945,65524
6,"rs9393597",0,24973108,65525
6,"rs9358810",0,24973197,65526
6,"6:24973310:G_GA",0,24973310,65527
6,"rs11961358",0,24973384,65528
6,"rs61555713",0,24973543,65529
6,"rs9358811",0,24974123,65530
6,"rs60679537",0,24974603,65531
6,"rs9393598",0,24975281,65532
6,"rs10946738",0,24975440,65533
6,"rs9366590",0,24975485,65534
6,"rs9379701",0,24975533,65535
6,"rs9356950",0,24975603,65536
6,"rs9356951",0,24975613,65537
6,"rs9393599",0,24975706,65538
6,"rs9393600",0,24976191,65539
6,"rs9379702",0,24976637,65540
6,"rs13190691",0,24976739,65541
6,"rs9393601",0,24977174,65542
6,"rs9393602",0,24977287,65543
6,"6:24977440:AACTC",0,24977440,65544
6,"rs9358812",0,24977525,65545
6,"rs9358813",0,24977591,65546
6,"6:24977634:AT_A",0,24977634,65547
6,"rs9358814",0,24978156,65548
6,"rs9393603",0,24978504,65549
6,"rs7773555",0,24979164,65550
6,"rs1410686",0,24980611,65551
6,"rs9467373",0,24981223,65552
6,"rs6456640",0,24981582,65553
6,"rs9358815",0,24983490,65554
6,"rs6456641",0,24983722,65555
6,"rs2149452",0,24984222,65556
6,"rs9295639",0,24984938,65557
6,"rs2209932",0,24985330,65558
6,"rs2894032",0,24985476,65559
6,"6:24986031:G_GT",0,24986031,65560
6,"rs1410687",0,24986163,65561
6,"rs13209866",0,24986330,65562
6,"rs7768143",0,24987214,65563
6,"rs62401115",0,24987226,65564
6,"rs9358816",0,24988520,65565
6,"rs4712870",0,24988901,65566
6,"rs13192546",0,24989153,65567
6,"rs7740315",0,24989223,65568
6,"rs9366591",0,24989999,65569
6,"rs12192232",0,24990005,65570
6,"rs12205717",0,24990085,65571
6,"rs9467374",0,24990113,65572
6,"rs9295640",0,24990240,65573
6,"rs4712871",0,24990605,65574
6,"rs4712872",0,24990786,65575
6,"rs12194111",0,24991118,65576
6,"rs66827126",0,24991921,65577
6,"rs9379703",0,24992226,65578
6,"rs10946739",0,24993127,65579
6,"rs9295641",0,24993306,65580
6,"rs9379704",0,24993544,65581
6,"rs62401116",0,24995630,65582
6,"rs4712876",0,24995957,65583
6,"rs6935286",0,24996338,65584
6,"rs9467375",0,24997226,65585
6,"rs9295642",0,24997462,65586
6,"rs7765689",0,24999161,65587
6,"rs7765852",0,24999197,65588
6,"rs9393605",0,24999740,65589
6,"rs10946740",0,24999967,65590
6,"6:25001088:T_TG",0,25001088,65591
6,"rs112820139",0,25001951,65592
6,"rs7753740",0,25002433,65593
6,"rs9356952",0,25003040,65594
6,"rs9295643",0,25003651,65595
6,"rs11758900",0,25004725,65596
6,"rs1536767",0,25005623,65597
6,"rs1536768",0,25005634,65598
6,"rs186416693",0,25005962,65599
6,"rs183728843",0,25005966,65600
6,"rs1410688",0,25006710,65601
6,"rs1410689",0,25006785,65602
6,"6:25007350:GTTA_",0,25007350,65603
6,"rs7748247",0,25008532,65604
6,"rs9358818",0,25008732,65605
6,"rs9393606",0,25009041,65606
6,"rs4712878",0,25009321,65607
6,"rs6922006",0,25009977,65608
6,"rs2018530",0,25010685,65609
6,"rs10946741",0,25010999,65610
6,"rs2166681",0,25012167,65611
6,"rs9358819",0,25012292,65612
6,"rs76982130",0,25014044,65613
6,"rs747510",0,25014507,65614
6,"6:25015222:CAG_C",0,25015222,65615
6,"rs2183067",0,25015681,65616
6,"rs9461090",0,25016224,65617
6,"rs7767457",0,25017127,65618
6,"rs4712879",0,25017704,65619
6,"rs6456645",0,25018874,65620
6,"rs9358821",0,25021379,65621
6,"rs9358822",0,25021399,65622
6,"rs6930521",0,25021901,65623
6,"rs441342",0,25023189,65624
6,"rs9393607",0,25023253,65625
6,"rs9348655",0,25023263,65626
6,"rs9348656",0,25023474,65627
6,"rs9348657",0,25023500,65628
6,"rs9379706",0,25023829,65629
6,"rs9358823",0,25023966,65630
6,"rs9356953",0,25024004,65631
6,"6:25024814:GA_G",0,25024814,65632
6,"rs9358824",0,25024934,65633
6,"rs9379707",0,25025047,65634
6,"rs6906443",0,25025351,65635
6,"rs6929342",0,25025539,65636
6,"rs6929348",0,25025548,65637
6,"rs6907293",0,25025664,65638
6,"rs10946742",0,25025717,65639
6,"rs6929749",0,25025722,65640
6,"rs6934141",0,25025840,65641
6,"rs9295644",0,25026428,65642
6,"rs9356954",0,25026460,65643
6,"rs10806997",0,25026524,65644
6,"rs9356955",0,25026581,65645
6,"rs9366595",0,25026629,65646
6,"rs9366596",0,25027058,65647
6,"rs9366597",0,25027095,65648
6,"rs6918101",0,25027288,65649
6,"rs9358825",0,25027546,65650
6,"rs9356956",0,25027669,65651
6,"rs9356957",0,25027807,65652
6,"rs9366598",0,25027838,65653
6,"rs79522700",0,25027905,65654
6,"rs78878947",0,25027906,65655
6,"rs9366599",0,25028032,65656
6,"rs4712880",0,25028066,65657
6,"rs9356958",0,25028200,65658
6,"rs9358826",0,25028207,65659
6,"rs9348658",0,25028230,65660
6,"rs9467378",0,25028311,65661
6,"rs7743187",0,25028663,65662
6,"rs9393608",0,25030054,65663
6,"rs10946743",0,25030326,65664
6,"rs9348659",0,25031188,65665
6,"rs2394360",0,25031372,65666
6,"rs724651",0,25033975,65667
6,"rs303028",0,25034448,65668
6,"rs303888",0,25035584,65669
6,"rs303890",0,25035920,65670
6,"rs74785867",0,25036028,65671
6,"rs733535",0,25036385,65672
6,"rs895674",0,25036495,65673
6,"rs895675",0,25036497,65674
6,"rs2394361",0,25036579,65675
6,"rs2394362",0,25036608,65676
6,"6:25036608:CG_C",0,25036608,65677
6,"rs303030",0,25036611,65678
6,"6:25036616:TG_T",0,25036616,65679
6,"rs160035",0,25036653,65680
6,"rs303031",0,25036980,65681
6,"rs9358827",0,25037672,65682
6,"rs9379708",0,25038720,65683
6,"rs160046",0,25038723,65684
6,"rs303895",0,25039064,65685
6,"rs303896",0,25039290,65686
6,"rs9393609",0,25039440,65687
6,"rs303898",0,25039602,65688
6,"rs303899",0,25039793,65689
6,"rs303900",0,25039978,65690
6,"rs303901",0,25040018,65691
6,"rs76528078",0,25040057,65692
6,"rs34322558",0,25040639,65693
6,"rs115275815",0,25040722,65694
6,"rs1447243",0,25040785,65695
6,"rs9348660",0,25040977,65696
6,"rs66577954",0,25041146,65697
6,"rs9356959",0,25041991,65698
6,"rs73732206",0,25042725,65699
6,"rs4711071",0,25043014,65700
6,"rs4711072",0,25043161,65701
6,"rs4711073",0,25043359,65702
6,"rs4712882",0,25043910,65703
6,"rs1562422",0,25044577,65704
6,"rs1562423",0,25044714,65705
6,"rs12665174",0,25044808,65706
6,"rs34475409",0,25045237,65707
6,"6:25045383:GA_G",0,25045383,65708
6,"rs1597010",0,25045543,65709
6,"rs1597011",0,25045586,65710
6,"rs1597012",0,25045776,65711
6,"rs303034",0,25045798,65712
6,"6:25045868:CCT_C",0,25045868,65713
6,"rs1900551",0,25045904,65714
6,"rs9366600",0,25046121,65715
6,"rs13218879",0,25046141,65716
6,"rs9379709",0,25046524,65717
6,"6:25046539:C_CAG",0,25046539,65718
6,"rs34388462",0,25046543,65719
6,"6:25046543:T_TAC",0,25046543,65720
6,"rs35553146",0,25046620,65721
6,"rs12661796",0,25047094,65722
6,"rs9358828",0,25047096,65723
6,"rs12663160",0,25047300,65724
6,"rs35028017",0,25047508,65725
6,"6:25047967:TTAAA",0,25047967,65726
6,"rs13196712",0,25048044,65727
6,"rs67795839",0,25048193,65728
6,"rs67240854",0,25048408,65729
6,"rs36030790",0,25048421,65730
6,"rs12528227",0,25049147,65731
6,"rs12524842",0,25049204,65732
6,"rs1923192",0,25049447,65733
6,"rs1923193",0,25049681,65734
6,"rs12525328",0,25050060,65735
6,"rs76980802",0,25050491,65736
6,"rs12525405",0,25050631,65737
6,"rs304256",0,25050964,65738
6,"rs304257",0,25051022,65739
6,"rs304258",0,25051145,65740
6,"rs304259",0,25051269,65741
6,"rs513585",0,25051702,65742
6,"rs10946746",0,25051836,65743
6,"rs516361",0,25052029,65744
6,"rs78641986",0,25052056,65745
6,"6:25052488:GA_G",0,25052488,65746
6,"rs608874",0,25052991,65747
6,"rs609408",0,25053145,65748
6,"rs549256",0,25053291,65749
6,"rs550176",0,25053369,65750
6,"rs466944",0,25053510,65751
6,"rs460400",0,25053667,65752
6,"rs466882",0,25053952,65753
6,"rs458664",0,25055165,65754
6,"rs651903",0,25055726,65755
6,"rs895676",0,25056593,65756
6,"rs303001",0,25056769,65757
6,"rs1555431",0,25057429,65758
6,"rs303000",0,25057499,65759
6,"rs78647406",0,25058216,65760
6,"rs456816",0,25059241,65761
6,"rs786555",0,25059540,65762
6,"rs13195161",0,25059755,65763
6,"rs34693126",0,25059793,65764
6,"rs9461093",0,25060346,65765
6,"rs73729424",0,25060589,65766
6,"rs12214056",0,25060863,65767
6,"rs9358829",0,25061181,65768
6,"rs56108659",0,25061376,65769
6,"rs9379711",0,25062275,65770
6,"rs303884",0,25062467,65771
6,"rs302992",0,25062826,65772
6,"rs3749875",0,25062905,65773
6,"rs77111126",0,25063115,65774
6,"rs192773",0,25064641,65775
6,"rs303880",0,25064789,65776
6,"rs9379712",0,25064919,65777
6,"rs9461094",0,25065258,65778
6,"rs303879",0,25065505,65779
6,"rs160034",0,25065546,65780
6,"rs303878",0,25065669,65781
6,"rs303877",0,25065753,65782
6,"rs186237",0,25066059,65783
6,"rs9356960",0,25066171,65784
6,"rs9393611",0,25066393,65785
6,"rs9358831",0,25066695,65786
6,"rs9379714",0,25066723,65787
6,"rs6916014",0,25067023,65788
6,"rs13203073",0,25067466,65789
6,"rs302966",0,25069363,65790
6,"rs2394363",0,25070345,65791
6,"rs67927735",0,25070661,65792
6,"rs182516547",0,25070773,65793
6,"rs71535573",0,25070785,65794
6,"rs112882007",0,25070789,65795
6,"rs1665820",0,25070838,65796
6,"rs416030",0,25071081,65797
6,"rs9295645",0,25071247,65798
6,"6:25071601:T_TAA",0,25071601,65799
6,"rs11757374",0,25072522,65800
6,"rs391626",0,25073494,65801
6,"rs13209444",0,25073816,65802
6,"rs420369",0,25073865,65803
6,"rs398672",0,25073875,65804
6,"rs36078207",0,25074389,65805
6,"6:25074391:A_AT",0,25074391,65806
6,"rs79229624",0,25074656,65807
6,"rs9393612",0,25074914,65808
6,"rs4711074",0,25075056,65809
6,"rs9461095",0,25075192,65810
6,"rs72826361",0,25075717,65811
6,"rs4711075",0,25075758,65812
6,"rs11963128",0,25076001,65813
6,"rs4712883",0,25076698,65814
6,"rs71555176",0,25076902,65815
6,"rs7740534",0,25077179,65816
6,"rs72826363",0,25077184,65817
6,"rs73729431",0,25078050,65818
6,"rs79201895",0,25078066,65819
6,"rs9358833",0,25078069,65820
6,"rs9461096",0,25078596,65821
6,"rs9295646",0,25078882,65822
6,"rs11965266",0,25079458,65823
6,"rs78864391",0,25079623,65824
6,"rs9356961",0,25079764,65825
6,"rs79901452",0,25080024,65826
6,"6:25080108:T_TAA",0,25080108,65827
6,"rs303012",0,25080458,65828
6,"rs78222310",0,25080459,65829
6,"rs80095704",0,25080574,65830
6,"rs76894656",0,25080629,65831
6,"rs10214692",0,25080685,65832
6,"rs303011",0,25080848,65833
6,"rs77581131",0,25081123,65834
6,"rs159988",0,25081487,65835
6,"rs303010",0,25082105,65836
6,"rs12197057",0,25082262,65837
6,"rs303009",0,25082540,65838
6,"rs3812109",0,25082678,65839
6,"rs3812108",0,25082699,65840
6,"rs3792986",0,25083429,65841
6,"rs303008",0,25083528,65842
6,"6:25083613:AG_A",0,25083613,65843
6,"rs3792984",0,25084339,65844
6,"rs303007",0,25084691,65845
6,"rs303006",0,25084718,65846
6,"rs4538700",0,25084942,65847
6,"rs3792983",0,25085354,65848
6,"rs9467386",0,25086062,65849
6,"rs3812107",0,25086593,65850
6,"rs303005",0,25086644,65851
6,"rs74411444",0,25086958,65852
6,"rs895673",0,25086968,65853
6,"rs3792982",0,25087447,65854
6,"rs3828731",0,25087555,65855
6,"rs3828730",0,25087568,65856
6,"rs9379716",0,25087632,65857
6,"rs3792981",0,25087721,65858
6,"rs1447242",0,25088038,65859
6,"rs9461098",0,25088406,65860
6,"rs7738141",0,25088861,65861
6,"rs16890032",0,25088919,65862
6,"6:25089174:AC_A",0,25089174,65863
6,"6:25089567:C_CA",0,25089567,65864
6,"rs9467389",0,25089611,65865
6,"rs3792978",0,25089660,65866
6,"rs80030953",0,25090012,65867
6,"rs6928752",0,25090191,65868
6,"rs6928763",0,25090215,65869
6,"rs6906102",0,25090257,65870
6,"rs3792976",0,25090339,65871
6,"rs3792975",0,25090409,65872
6,"rs3792974",0,25090443,65873
6,"rs1037168",0,25090599,65874
6,"rs1037167",0,25090757,65875
6,"rs303004",0,25091130,65876
6,"rs1002539",0,25091340,65877
6,"rs1002540",0,25091462,65878
6,"rs4711076",0,25091714,65879
6,"rs4712884",0,25091726,65880
6,"6:25091931:T_TTT",0,25091931,65881
6,"rs9654585",0,25092031,65882
6,"rs3818267",0,25092335,65883
6,"rs3818268",0,25092425,65884
6,"rs9467392",0,25092465,65885
6,"rs3818269",0,25092466,65886
6,"rs3818270",0,25092539,65887
6,"rs3812106",0,25092887,65888
6,"rs6935318",0,25093314,65889
6,"rs1002596",0,25093400,65890
6,"rs9295647",0,25093433,65891
6,"6:25094197:T_TC",0,25094197,65892
6,"rs7775959",0,25094569,65893
6,"rs7776121",0,25094644,65894
6,"rs715426",0,25094953,65895
6,"rs715427",0,25095087,65896
6,"rs9467394",0,25095283,65897
6,"rs9467395",0,25095472,65898
6,"rs9467396",0,25095615,65899
6,"rs77779000",0,25095700,65900
6,"rs4711077",0,25095959,65901
6,"rs4711078",0,25096246,65902
6,"rs303003",0,25096875,65903
6,"rs9467397",0,25096947,65904
6,"rs9461101",0,25097051,65905
6,"rs1128827",0,25097298,65906
6,"6:25097411:G_GT",0,25097411,65907
6,"rs392852",0,25097450,65908
6,"6:25097562:AG_A",0,25097562,65909
6,"rs9393613",0,25097722,65910
6,"rs112305124",0,25098155,65911
6,"rs500212",0,25098226,65912
6,"rs500231",0,25098229,65913
6,"rs9379717",0,25098265,65914
6,"rs12333217",0,25098367,65915
6,"rs12333222",0,25098543,65916
6,"rs12333219",0,25098603,65917
6,"rs9467398",0,25098792,65918
6,"rs9467399",0,25098809,65919
6,"rs112145298",0,25098939,65920
6,"rs9461103",0,25099116,65921
6,"rs9467400",0,25099146,65922
6,"rs74408920",0,25099161,65923
6,"rs3792971",0,25099340,65924
6,"rs4712887",0,25099566,65925
6,"rs77766573",0,25100071,65926
6,"rs3792970",0,25100125,65927
6,"rs16890067",0,25100224,65928
6,"rs77711383",0,25100603,65929
6,"rs6919920",0,25100945,65930
6,"rs302985",0,25101160,65931
6,"rs12333327",0,25101273,65932
6,"6:25101295:GT_G",0,25101295,65933
6,"rs302986",0,25101307,65934
6,"6:25101938:T_TA",0,25101938,65935
6,"rs77078733",0,25102035,65936
6,"rs6456648",0,25102534,65937
6,"rs302987",0,25102701,65938
6,"rs7756507",0,25102834,65939
6,"rs9393615",0,25102843,65940
6,"rs140333543",0,25102965,65941
6,"rs111310739",0,25103069,65942
6,"6:25103079:A_AC",0,25103079,65943
6,"rs77227594",0,25103086,65944
6,"rs77594573",0,25103551,65945
6,"rs79534818",0,25103571,65946
6,"rs76152168",0,25103728,65947
6,"rs79205968",0,25104119,65948
6,"rs80029019",0,25104157,65949
6,"rs3812105",0,25104254,65950
6,"rs80224905",0,25104316,65951
6,"rs9467401",0,25104840,65952
6,"6:25104870:A_AT",0,25104870,65953
6,"rs302988",0,25105361,65954
6,"rs77483739",0,25105499,65955
6,"rs6913324",0,25105585,65956
6,"rs9467403",0,25105875,65957
6,"rs9467404",0,25105880,65958
6,"rs7773107",0,25106093,65959
6,"rs7773802",0,25106400,65960
6,"rs7774557",0,25106663,65961
6,"rs2295737",0,25106745,65962
6,"rs1923195",0,25106783,65963
6,"rs9467405",0,25106878,65964
6,"rs78678889",0,25106928,65965
6,"6:25107058:A_ATT",0,25107058,65966
6,"rs9467406",0,25107175,65967
6,"rs77018148",0,25107275,65968
6,"rs116692527",0,25107276,65969
6,"rs9467408",0,25107284,65970
6,"rs7740668",0,25107287,65971
6,"rs75967700",0,25107417,65972
6,"rs7740848",0,25107468,65973
6,"rs116067133",0,25107478,65974
6,"rs2894033",0,25107722,65975
6,"rs7745609",0,25107770,65976
6,"rs7745550",0,25107948,65977
6,"rs184226",0,25108097,65978
6,"rs77313553",0,25108282,65979
6,"rs77410650",0,25108391,65980
6,"rs302989",0,25108541,65981
6,"rs16890087",0,25108753,65982
6,"rs1128826",0,25108923,65983
6,"6:25108989:AC_A",0,25108989,65984
6,"rs9393616",0,25109428,65985
6,"rs6915329",0,25109703,65986
6,"rs1046142",0,25109774,65987
6,"rs9467409",0,25110041,65988
6,"rs3818271",0,25110059,65989
6,"6:25110089:AC_A",0,25110089,65990
6,"rs302990",0,25110097,65991
6,"rs78066062",0,25110234,65992
6,"rs302991",0,25110579,65993
6,"rs9467410",0,25110624,65994
6,"rs6905460",0,25110848,65995
6,"rs6905624",0,25110883,65996
6,"rs6925889",0,25111041,65997
6,"6:25111078:G_GGT",0,25111078,65998
6,"rs1547054",0,25111089,65999
6,"rs1972205",0,25111239,66000
6,"6:25111263:TC_T",0,25111263,66001
6,"6:25111291:TAAG_",0,25111291,66002
6,"rs1547055",0,25111320,66003
6,"rs3805845",0,25111621,66004
6,"rs7762804",0,25111665,66005
6,"rs3805844",0,25112097,66006
6,"rs167329",0,25112343,66007
6,"rs16890100",0,25112635,66008
6,"rs78701241",0,25112972,66009
6,"rs302984",0,25113005,66010
6,"rs188567",0,25113207,66011
6,"rs57304238",0,25113452,66012
6,"rs57796643",0,25113528,66013
6,"rs45568536",0,25113931,66014
6,"rs45441796",0,25114114,66015
6,"rs45563338",0,25114123,66016
6,"rs78161103",0,25114268,66017
6,"rs302983",0,25114766,66018
6,"rs16890104",0,25114809,66019
6,"6:25115176:CGTTT",0,25115176,66020
6,"rs2273671",0,25115296,66021
6,"rs302982",0,25115397,66022
6,"rs2166683",0,25115527,66023
6,"rs302981",0,25115586,66024
6,"6:25116492:G_GCT",0,25116492,66025
6,"6:25116985:CA_C",0,25116985,66026
6,"rs302980",0,25117264,66027
6,"rs9467411",0,25117631,66028
6,"rs302979",0,25117648,66029
6,"rs9393617",0,25118057,66030
6,"rs302978",0,25118110,66031
6,"rs302977",0,25118116,66032
6,"rs302976",0,25118434,66033
6,"rs9461104",0,25118495,66034
6,"rs77806289",0,25118711,66035
6,"rs302973",0,25119270,66036
6,"rs2166682",0,25119521,66037
6,"rs2145769",0,25119683,66038
6,"rs6905554",0,25119993,66039
6,"rs6906421",0,25120251,66040
6,"rs80240355",0,25121993,66041
6,"rs79924877",0,25122017,66042
6,"rs916539",0,25122715,66043
6,"rs302971",0,25122737,66044
6,"rs916538",0,25122896,66045
6,"rs916537",0,25122932,66046
6,"rs74832226",0,25123237,66047
6,"rs112438034",0,25123660,66048
6,"rs80304278",0,25124015,66049
6,"rs77929793",0,25124159,66050
6,"rs302967",0,25126041,66051
6,"rs80024676",0,25126070,66052
6,"rs115645760",0,25126137,66053
6,"rs9379719",0,25126743,66054
6,"6:25126798:AAATT",0,25126798,66055
6,"rs190426645",0,25126811,66056
6,"6:25126862:T_TTG",0,25126862,66057
6,"rs2516576",0,25127139,66058
6,"rs302968",0,25127176,66059
6,"rs78191298",0,25128137,66060
6,"rs302969",0,25128201,66061
6,"6:25128359:GGAAA",0,25128359,66062
6,"rs302970",0,25128433,66063
6,"6:25129340:GC_G",0,25129340,66064
6,"rs111788200",0,25130251,66065
6,"6:25130269:T_TTC",0,25130269,66066
6,"rs77775906",0,25130306,66067
6,"6:25130926:A_AC",0,25130926,66068
6,"rs303026",0,25131193,66069
6,"rs1823184",0,25131573,66070
6,"rs303025",0,25132111,66071
6,"rs141792358",0,25132226,66072
6,"rs116210692",0,25132266,66073
6,"rs9461106",0,25132710,66074
6,"rs9379721",0,25133000,66075
6,"rs303024",0,25133075,66076
6,"rs1838967",0,25134658,66077
6,"6:25135111:CT_C",0,25135111,66078
6,"rs303023",0,25135907,66079
6,"rs2516577",0,25136194,66080
6,"rs116432071",0,25137304,66081
6,"rs303022",0,25137401,66082
6,"rs59778363",0,25137985,66083
6,"rs57003751",0,25138153,66084
6,"rs2028973",0,25138627,66085
6,"rs75800218",0,25138643,66086
6,"rs303019",0,25138723,66087
6,"6:25138933:TC_T",0,25138933,66088
6,"rs303018",0,25139026,66089
6,"rs303017",0,25139049,66090
6,"rs303016",0,25139464,66091
6,"rs303015",0,25139775,66092
6,"rs116206789",0,25139813,66093
6,"rs73386299",0,25140027,66094
6,"rs303013",0,25140852,66095
6,"rs12198209",0,25141684,66096
6,"6:25142447:AG_A",0,25142447,66097
6,"rs9393618",0,25142888,66098
6,"rs9379722",0,25143203,66099
6,"rs77779412",0,25143246,66100
6,"rs6923293",0,25143878,66101
6,"rs34706906",0,25144242,66102
6,"rs115466250",0,25145288,66103
6,"rs6909903",0,25145355,66104
6,"rs9379723",0,25145712,66105
6,"rs4712888",0,25147518,66106
6,"rs6456651",0,25148011,66107
6,"rs9379726",0,25148402,66108
6,"rs12663706",0,25148966,66109
6,"rs7748381",0,25149045,66110
6,"rs6922783",0,25151031,66111
6,"rs9356963",0,25151421,66112
6,"rs7741883",0,25151450,66113
6,"rs6941417",0,25152674,66114
6,"rs6903070",0,25153166,66115
6,"rs6925861",0,25153168,66116
6,"rs4712889",0,25153966,66117
6,"rs11752102",0,25154396,66118
6,"rs9461112",0,25154462,66119
6,"rs75709310",0,25155141,66120
6,"rs6456653",0,25155282,66121
6,"rs6915489",0,25155329,66122
6,"rs9366606",0,25155445,66123
6,"rs7739830",0,25156197,66124
6,"rs1900552",0,25157508,66125
6,"rs1900553",0,25157571,66126
6,"rs1900554",0,25157617,66127
6,"rs1813886",0,25158345,66128
6,"rs9348664",0,25158613,66129
6,"rs9356964",0,25159681,66130
6,"rs2394371",0,25159705,66131
6,"rs146602958",0,25160557,66132
6,"rs139339319",0,25161290,66133
6,"rs7747407",0,25161454,66134
6,"6:25161585:C_CA",0,25161585,66135
6,"6:25162090:C_CA",0,25162090,66136
6,"rs151062664",0,25162633,66137
6,"rs76626215",0,25162971,66138
6,"rs9467430",0,25163127,66139
6,"rs9461115",0,25163631,66140
6,"rs9467431",0,25163884,66141
6,"rs9393621",0,25163949,66142
6,"rs9800611",0,25164093,66143
6,"rs10806999",0,25164469,66144
6,"rs10946752",0,25164915,66145
6,"rs7740185",0,25165354,66146
6,"rs9356966",0,25165442,66147
6,"6:25167018:C_CAT",0,25167018,66148
6,"6:25167019:A_ATG",0,25167019,66149
6,"rs67294720",0,25167537,66150
6,"6:25169492:TAGC_",0,25169492,66151
6,"rs16890179",0,25169786,66152
6,"rs9379728",0,25169926,66153
6,"rs12529629",0,25170501,66154
6,"rs73388146",0,25170668,66155
6,"rs6910965",0,25172034,66156
6,"rs10946753",0,25172495,66157
6,"rs9467434",0,25172641,66158
6,"rs10807000",0,25172912,66159
6,"rs1986731",0,25174070,66160
6,"rs1815094",0,25174148,66161
6,"rs7452710",0,25174645,66162
6,"rs1880276",0,25174710,66163
6,"rs1880275",0,25174880,66164
6,"rs2328848",0,25175316,66165
6,"rs4346843",0,25175785,66166
6,"rs7752388",0,25176145,66167
6,"rs79581740",0,25177024,66168
6,"rs6942227",0,25177508,66169
6,"rs6899989",0,25177722,66170
6,"rs7743008",0,25177975,66171
6,"rs55825050",0,25178210,66172
6,"rs13198274",0,25178990,66173
6,"rs7748632",0,25179093,66174
6,"rs13198544",0,25179107,66175
6,"rs6456655",0,25179315,66176
6,"rs55916993",0,25179357,66177
6,"rs13198939",0,25179473,66178
6,"rs5008131",0,25180191,66179
6,"rs7754410",0,25180540,66180
6,"rs9358839",0,25181447,66181
6,"rs9379729",0,25181627,66182
6,"rs9461119",0,25181978,66183
6,"rs148149244",0,25182925,66184
6,"rs115578938",0,25183640,66185
6,"rs140595491",0,25184408,66186
6,"rs58333539",0,25184781,66187
6,"rs6938383",0,25185361,66188
6,"rs9393622",0,25185901,66189
6,"rs9467438",0,25185989,66190
6,"rs10498722",0,25186512,66191
6,"rs9295648",0,25186568,66192
6,"rs35624158",0,25187049,66193
6,"rs4711080",0,25189192,66194
6,"rs36084063",0,25190544,66195
6,"6:25190973:C_CTT",0,25190973,66196
6,"rs76671369",0,25191039,66197
6,"rs68094488",0,25191210,66198
6,"rs6909365",0,25191427,66199
6,"rs6456657",0,25191675,66200
6,"rs6456658",0,25191735,66201
6,"rs9358840",0,25192394,66202
6,"rs4144129",0,25193064,66203
6,"rs13202933",0,25193878,66204
6,"rs2328864",0,25194107,66205
6,"rs80021880",0,25194261,66206
6,"rs79070667",0,25194649,66207
6,"6:25195588:GA_G",0,25195588,66208
6,"6:25195594:AG_A",0,25195594,66209
6,"rs9393623",0,25198663,66210
6,"rs9393624",0,25199042,66211
6,"rs9348666",0,25200034,66212
6,"rs9379731",0,25200037,66213
6,"rs7748938",0,25200414,66214
6,"rs1815096",0,25200468,66215
6,"rs6936465",0,25200842,66216
6,"rs138467361",0,25202627,66217
6,"rs7759441",0,25203950,66218
6,"rs72828704",0,25205149,66219
6,"rs62401393",0,25206341,66220
6,"6:25206697:AT_A",0,25206697,66221
6,"rs72828705",0,25206971,66222
6,"rs4712890",0,25206983,66223
6,"rs62401430",0,25207408,66224
6,"rs144143828",0,25208153,66225
6,"rs115989354",0,25208585,66226
6,"rs4712891",0,25208726,66227
6,"rs9379733",0,25210346,66228
6,"rs115197712",0,25210617,66229
6,"rs4602714",0,25210998,66230
6,"rs142866465",0,25211551,66231
6,"rs116811873",0,25211799,66232
6,"6:25212148:C_CA",0,25212148,66233
6,"rs9379738",0,25212264,66234
6,"rs2876687",0,25212558,66235
6,"rs2876688",0,25212595,66236
6,"rs9393626",0,25215218,66237
6,"rs9467441",0,25215268,66238
6,"rs9366607",0,25216436,66239
6,"rs111666509",0,25217364,66240
6,"rs113332690",0,25217401,66241
6,"rs74450111",0,25217671,66242
6,"rs6939574",0,25219103,66243
6,"rs4712895",0,25219491,66244
6,"rs77006546",0,25219582,66245
6,"rs61563072",0,25219958,66246
6,"6:25219965:TA_T",0,25219965,66247
6,"rs11753822",0,25220539,66248
6,"rs4443502",0,25220873,66249
6,"rs6908491",0,25220961,66250
6,"rs78210863",0,25221255,66251
6,"rs76750303",0,25222502,66252
6,"rs4712898",0,25222505,66253
6,"rs80350013",0,25222776,66254
6,"rs10214494",0,25223095,66255
6,"rs74688549",0,25223444,66256
6,"rs2328874",0,25223827,66257
6,"rs72828713",0,25224051,66258
6,"rs111855865",0,25224675,66259
6,"rs9467442",0,25224925,66260
6,"rs2328875",0,25225132,66261
6,"rs1880269",0,25225513,66262
6,"rs2328876",0,25225948,66263
6,"rs4712899",0,25226272,66264
6,"rs4712900",0,25226644,66265
6,"rs9393627",0,25226792,66266
6,"rs11752587",0,25227719,66267
6,"rs9348668",0,25228655,66268
6,"6:25228867:AAAAA",0,25228867,66269
6,"rs4712901",0,25229450,66270
6,"rs35191161",0,25230092,66271
6,"rs76798435",0,25231495,66272
6,"rs77914161",0,25233485,66273
6,"rs35997400",0,25233569,66274
6,"rs35618329",0,25233654,66275
6,"rs59525347",0,25233699,66276
6,"rs58597163",0,25233715,66277
6,"rs59060048",0,25233760,66278
6,"rs35830942",0,25233911,66279
6,"rs35528016",0,25234341,66280
6,"rs9295650",0,25234372,66281
6,"rs9467445",0,25234884,66282
6,"rs9461124",0,25235303,66283
6,"rs4712902",0,25235545,66284
6,"rs11964920",0,25235781,66285
6,"rs11969842",0,25235833,66286
6,"rs34816485",0,25235862,66287
6,"rs13201672",0,25236197,66288
6,"rs34044829",0,25236438,66289
6,"rs62393617",0,25236507,66290
6,"rs77951490",0,25236645,66291
6,"rs9366608",0,25236876,66292
6,"rs11760097",0,25237195,66293
6,"rs11755567",0,25237288,66294
6,"6:25237533:CCT_C",0,25237533,66295
6,"rs9467446",0,25238211,66296
6,"6:25238876:GGT_G",0,25238876,66297
6,"rs35133360",0,25239672,66298
6,"6:25239714:GC_G",0,25239714,66299
6,"rs9379740",0,25239716,66300
6,"rs2064207",0,25239809,66301
6,"rs2690100",0,25239980,66302
6,"rs2064208",0,25240186,66303
6,"rs115949281",0,25240214,66304
6,"rs76266945",0,25240510,66305
6,"6:25240708:GCT_G",0,25240708,66306
6,"rs9379741",0,25240736,66307
6,"rs7758541",0,25240943,66308
6,"rs138267301",0,25241273,66309
6,"rs9461125",0,25241639,66310
6,"rs35721281",0,25242828,66311
6,"rs9393630",0,25243707,66312
6,"rs72828723",0,25244076,66313
6,"rs183779130",0,25244395,66314
6,"rs769108",0,25245680,66315
6,"rs74548903",0,25245898,66316
6,"rs8180584",0,25245935,66317
6,"rs6940230",0,25247120,66318
6,"rs7774664",0,25247204,66319
6,"rs74979580",0,25247680,66320
6,"rs74983924",0,25248006,66321
6,"rs1997704",0,25248232,66322
6,"6:25248423:G_GA",0,25248423,66323
6,"rs926402",0,25248475,66324
6,"rs9295651",0,25249638,66325
6,"rs9295652",0,25249852,66326
6,"rs75672316",0,25250050,66327
6,"6:25250394:TA_T",0,25250394,66328
6,"rs138739848",0,25250492,66329
6,"rs2744240",0,25250518,66330
6,"rs7773244",0,25252484,66331
6,"rs9379742",0,25252700,66332
6,"rs2744241",0,25253224,66333
6,"6:25253334:AATG_",0,25253334,66334
6,"rs2690133",0,25253589,66335
6,"rs2690121",0,25255277,66336
6,"6:25255890:CTT_C",0,25255890,66337
6,"rs2744245",0,25256087,66338
6,"rs2744246",0,25256120,66339
6,"rs74334317",0,25256220,66340
6,"rs112431803",0,25256410,66341
6,"rs9358843",0,25256644,66342
6,"rs78252389",0,25257530,66343
6,"rs2690106",0,25257580,66344
6,"rs116090114",0,25257785,66345
6,"rs9356970",0,25257966,66346
6,"rs2744247",0,25258216,66347
6,"rs2744248",0,25258338,66348
6,"6:25258475:G_GC",0,25258475,66349
6,"rs2690105",0,25258758,66350
6,"rs2744249",0,25259137,66351
6,"6:25260197:AT_A",0,25260197,66352
6,"rs10456319",0,25260434,66353
6,"rs79249301",0,25260918,66354
6,"rs150883441",0,25262086,66355
6,"rs9358844",0,25262087,66356
6,"rs9393632",0,25262159,66357
6,"6:25262290:AAAAC",0,25262290,66358
6,"6:25262856:AT_A",0,25262856,66359
6,"rs72828724",0,25262857,66360
6,"rs2690074",0,25263121,66361
6,"6:25263215:A_AT",0,25263215,66362
6,"rs9358845",0,25263218,66363
6,"rs60005721",0,25263219,66364
6,"rs60975439",0,25263335,66365
6,"rs9379743",0,25263470,66366
6,"rs10946758",0,25263480,66367
6,"6:25263484:A_AAG",0,25263484,66368
6,"rs7765806",0,25263589,66369
6,"rs9379746",0,25264477,66370
6,"rs9356971",0,25264491,66371
6,"rs9379747",0,25264610,66372
6,"rs9393635",0,25265377,66373
6,"rs9379750",0,25266147,66374
6,"rs9366614",0,25266757,66375
6,"rs2744254",0,25266803,66376
6,"rs7748256",0,25266851,66377
6,"rs9393636",0,25267264,66378
6,"6:25267678:A_AAC",0,25267678,66379
6,"6:25267690:CAT_C",0,25267690,66380
6,"rs2744257",0,25267748,66381
6,"rs9393637",0,25267840,66382
6,"rs2064211",0,25267925,66383
6,"rs2744258",0,25268014,66384
6,"rs2690067",0,25269702,66385
6,"rs2690064",0,25271250,66386
6,"rs1810471",0,25272126,66387
6,"rs2690061",0,25273053,66388
6,"rs9356972",0,25273300,66389
6,"rs2050044",0,25273550,66390
6,"rs723047",0,25274084,66391
6,"rs723048",0,25274166,66392
6,"rs721036",0,25274559,66393
6,"rs721037",0,25274612,66394
6,"rs2078527",0,25274645,66395
6,"rs2744267",0,25276266,66396
6,"rs2744268",0,25276282,66397
6,"rs75671421",0,25276546,66398
6,"rs2014674",0,25276988,66399
6,"rs1016854",0,25277375,66400
6,"rs1016855",0,25277419,66401
6,"rs6926126",0,25278546,66402
6,"6:25278979:GCA_G",0,25278979,66403
6,"6:25278988:CAA_C",0,25278988,66404
6,"rs6909014",0,25279158,66405
6,"rs6908902",0,25279208,66406
6,"rs6914799",0,25280119,66407
6,"rs9358848",0,25280530,66408
6,"rs2744269",0,25280677,66409
6,"rs9358849",0,25283500,66410
6,"rs2690054",0,25283875,66411
6,"6:25284108:A_AT",0,25284108,66412
6,"rs2744287",0,25288175,66413
6,"rs2690042",0,25288271,66414
6,"rs2690041",0,25288549,66415
6,"rs2690135",0,25288727,66416
6,"rs2744288",0,25289063,66417
6,"rs2690134",0,25289097,66418
6,"rs2744289",0,25289184,66419
6,"rs2744290",0,25289280,66420
6,"rs75649083",0,25291020,66421
6,"rs2064206",0,25291070,66422
6,"rs12205303",0,25291184,66423
6,"rs73392399",0,25291457,66424
6,"rs6923529",0,25292213,66425
6,"rs9379751",0,25292214,66426
6,"rs10456320",0,25292401,66427
6,"rs2690132",0,25292567,66428
6,"rs12055533",0,25293013,66429
6,"rs9358850",0,25293433,66430
6,"rs184457560",0,25293530,66431
6,"rs2690131",0,25293548,66432
6,"rs79777227",0,25293768,66433
6,"rs9366615",0,25294248,66434
6,"rs2744293",0,25295258,66435
6,"rs2744294",0,25296606,66436
6,"6:25296903:GA_G",0,25296903,66437
6,"rs1883393",0,25297497,66438
6,"rs2690129",0,25297658,66439
6,"rs2328878",0,25297685,66440
6,"6:25298848:TAG_T",0,25298848,66441
6,"rs2690127",0,25300227,66442
6,"rs2018839",0,25300739,66443
6,"6:25301567:G_GCA",0,25301567,66444
6,"rs2690125",0,25302617,66445
6,"rs9356973",0,25302810,66446
6,"rs9348670",0,25302947,66447
6,"rs12055697",0,25303100,66448
6,"rs6908260",0,25305680,66449
6,"rs6932783",0,25305814,66450
6,"rs4712904",0,25306220,66451
6,"rs2690123",0,25306363,66452
6,"rs2690122",0,25306382,66453
6,"rs4712905",0,25306732,66454
6,"6:25308126:T_TA",0,25308126,66455
6,"rs730711",0,25308133,66456
6,"rs6903148",0,25308522,66457
6,"rs1989206",0,25308888,66458
6,"rs6456664",0,25309068,66459
6,"rs7746942",0,25309410,66460
6,"rs2690120",0,25309450,66461
6,"rs7746969",0,25309525,66462
6,"6:25309830:TA_T",0,25309830,66463
6,"rs6914514",0,25309863,66464
6,"rs9467465",0,25309868,66465
6,"rs6914439",0,25310040,66466
6,"rs2744296",0,25310067,66467
6,"rs2744297",0,25310085,66468
6,"rs6914930",0,25310147,66469
6,"rs2690119",0,25310152,66470
6,"rs2690118",0,25310191,66471
6,"rs6914798",0,25310206,66472
6,"rs6914654",0,25310232,66473
6,"rs2744298",0,25310291,66474
6,"rs6915270",0,25310292,66475
6,"rs7752524",0,25310585,66476
6,"rs4712906",0,25310621,66477
6,"rs6456665",0,25311088,66478
6,"rs6456666",0,25311097,66479
6,"rs6456667",0,25311179,66480
6,"rs6456668",0,25311180,66481
6,"6:25311254:CA_C",0,25311254,66482
6,"6:25311294:CA_C",0,25311294,66483
6,"rs55999195",0,25311298,66484
6,"rs6921343",0,25311461,66485
6,"rs7758529",0,25311695,66486
6,"rs9358851",0,25312039,66487
6,"rs6917631",0,25312244,66488
6,"rs6938594",0,25312427,66489
6,"rs6938749",0,25312449,66490
6,"rs6938281",0,25312488,66491
6,"6:25312639:A_AT",0,25312639,66492
6,"rs9295654",0,25312755,66493
6,"rs9467466",0,25312915,66494
6,"rs9461132",0,25312928,66495
6,"6:25313142:A_AC",0,25313142,66496
6,"rs9461134",0,25313174,66497
6,"rs2252012",0,25313190,66498
6,"rs9461135",0,25313268,66499
6,"rs9461136",0,25313416,66500
6,"rs9379752",0,25313698,66501
6,"rs9379753",0,25313735,66502
6,"rs58191968",0,25314138,66503
6,"rs60084615",0,25314282,66504
6,"rs113582963",0,25314564,66505
6,"rs9366616",0,25315153,66506
6,"rs9348671",0,25315231,66507
6,"6:25315352:C_CAG",0,25315352,66508
6,"rs6936496",0,25315540,66509
6,"rs6913606",0,25315642,66510
6,"rs6913886",0,25315655,66511
6,"rs9356974",0,25315763,66512
6,"6:25315807:GT_G",0,25315807,66513
6,"rs78157472",0,25315873,66514
6,"rs7755701",0,25316177,66515
6,"rs7756143",0,25316199,66516
6,"rs2744299",0,25316312,66517
6,"6:25316401:TA_T",0,25316401,66518
6,"rs2143022",0,25316501,66519
6,"rs4712907",0,25316741,66520
6,"rs2690117",0,25317154,66521
6,"rs7743750",0,25317503,66522
6,"rs76426173",0,25317752,66523
6,"rs9356975",0,25318518,66524
6,"rs79779754",0,25318936,66525
6,"rs16890366",0,25318984,66526
6,"rs2744300",0,25319234,66527
6,"rs999039",0,25319626,66528
6,"rs76767979",0,25319900,66529
6,"rs73396126",0,25320087,66530
6,"rs2690115",0,25320099,66531
6,"rs4712908",0,25320920,66532
6,"rs55967593",0,25321086,66533
6,"rs2690114",0,25321099,66534
6,"rs6906812",0,25321318,66535
6,"rs7741111",0,25321925,66536
6,"rs7741122",0,25321947,66537
6,"rs181047495",0,25322017,66538
6,"rs7741580",0,25322191,66539
6,"rs7759879",0,25322196,66540
6,"rs7759796",0,25322301,66541
6,"rs7760067",0,25322347,66542
6,"rs7759828",0,25322420,66543
6,"rs2690113",0,25322593,66544
6,"rs7760151",0,25322625,66545
6,"rs7764111",0,25322759,66546
6,"rs7764258",0,25322814,66547
6,"rs2744301",0,25323143,66548
6,"rs2143023",0,25323874,66549
6,"rs115227851",0,25324889,66550
6,"rs16890377",0,25325408,66551
6,"rs12196702",0,25325611,66552
6,"rs75302830",0,25326091,66553
6,"rs6927238",0,25326129,66554
6,"rs2744302",0,25326286,66555
6,"rs2690112",0,25326813,66556
6,"rs2744303",0,25327149,66557
6,"rs9393639",0,25327161,66558
6,"rs9366617",0,25327270,66559
6,"rs77088916",0,25327333,66560
6,"6:25327391:C_CA",0,25327391,66561
6,"rs79705097",0,25327417,66562
6,"rs2690111",0,25327427,66563
6,"rs74876368",0,25327471,66564
6,"rs9356976",0,25327756,66565
6,"rs9366618",0,25327757,66566
6,"rs17678510",0,25327853,66567
6,"rs9295655",0,25328153,66568
6,"rs2690110",0,25328567,66569
6,"6:25328587:G_GT",0,25328587,66570
6,"rs9393640",0,25328672,66571
6,"rs2690109",0,25328790,66572
6,"rs76735977",0,25328875,66573
6,"6:25329063:TGA_T",0,25329063,66574
6,"rs79108775",0,25330116,66575
6,"rs9348672",0,25330208,66576
6,"rs2690108",0,25330349,66577
6,"rs2690107",0,25330538,66578
6,"rs9379756",0,25330893,66579
6,"rs78158537",0,25331141,66580
6,"rs7769912",0,25331237,66581
6,"rs7752550",0,25331455,66582
6,"rs7770388",0,25331472,66583
6,"rs74666111",0,25331516,66584
6,"rs12208142",0,25331571,66585
6,"rs34570353",0,25331575,66586
6,"rs7746606",0,25331894,66587
6,"rs7746360",0,25331928,66588
6,"rs12192665",0,25332130,66589
6,"rs12192812",0,25332211,66590
6,"rs79462418",0,25332434,66591
6,"rs760865",0,25332486,66592
6,"rs12192951",0,25332605,66593
6,"rs12207748",0,25332910,66594
6,"rs5009714",0,25332958,66595
6,"6:25333015:A_ACG",0,25333015,66596
6,"rs5009712",0,25333071,66597
6,"rs5009711",0,25333090,66598
6,"rs2690077",0,25333130,66599
6,"rs74988699",0,25333236,66600
6,"rs34247480",0,25333436,66601
6,"rs71555189",0,25333508,66602
6,"rs71555190",0,25333665,66603
6,"rs71555191",0,25333668,66604
6,"rs71555192",0,25333679,66605
6,"rs71555193",0,25333699,66606
6,"rs71555194",0,25333733,66607
6,"6:25333972:T_TG",0,25333972,66608
6,"rs10456321",0,25334038,66609
6,"rs12196438",0,25334241,66610
6,"rs2744306",0,25334288,66611
6,"rs2223440",0,25334406,66612
6,"rs2206197",0,25334582,66613
6,"rs2206198",0,25334608,66614
6,"rs7762537",0,25334967,66615
6,"rs7763072",0,25335053,66616
6,"rs7762821",0,25335094,66617
6,"rs7762836",0,25335121,66618
6,"rs55896906",0,25335621,66619
6,"rs78308047",0,25335967,66620
6,"rs2254974",0,25336402,66621
6,"rs11754685",0,25336424,66622
6,"rs2254968",0,25336489,66623
6,"rs2690078",0,25336567,66624
6,"rs2744307",0,25336632,66625
6,"rs34150592",0,25336735,66626
6,"rs77733631",0,25336829,66627
6,"rs5013971",0,25337296,66628
6,"rs2690079",0,25337431,66629
6,"rs1983578",0,25337476,66630
6,"6:25337612:AG_A",0,25337612,66631
6,"rs1983579",0,25337635,66632
6,"rs1983580",0,25337672,66633
6,"rs1983581",0,25337731,66634
6,"rs2744227",0,25338021,66635
6,"rs75705061",0,25338231,66636
6,"rs2690080",0,25338256,66637
6,"rs2690081",0,25338322,66638
6,"6:25338491:A_AT",0,25338491,66639
6,"rs2690082",0,25338512,66640
6,"rs2690083",0,25338530,66641
6,"rs12204267",0,25338575,66642
6,"rs2690084",0,25338586,66643
6,"rs12204354",0,25338599,66644
6,"rs12204355",0,25338605,66645
6,"rs1983582",0,25338826,66646
6,"rs12663563",0,25339003,66647
6,"rs76497563",0,25339016,66648
6,"rs78003939",0,25339141,66649
6,"rs1983583",0,25339183,66650
6,"rs4712910",0,25339207,66651
6,"rs1983584",0,25339227,66652
6,"6:25339261:AT_A",0,25339261,66653
6,"rs9379757",0,25339533,66654
6,"rs62839562",0,25339720,66655
6,"rs2690086",0,25339834,66656
6,"rs2690087",0,25340263,66657
6,"rs4712912",0,25340271,66658
6,"rs2690088",0,25340283,66659
6,"6:25340415:T_TC",0,25340415,66660
6,"6:25340418:C_CA",0,25340418,66661
6,"rs2206194",0,25340482,66662
6,"rs2206195",0,25340611,66663
6,"rs2223438",0,25340810,66664
6,"rs2690089",0,25341245,66665
6,"rs2744228",0,25341405,66666
6,"rs16890409",0,25341553,66667
6,"rs2744229",0,25341580,66668
6,"rs2744230",0,25341778,66669
6,"rs2690090",0,25341807,66670
6,"rs12199121",0,25341925,66671
6,"rs2744231",0,25341969,66672
6,"rs79566568",0,25342001,66673
6,"rs2744232",0,25342012,66674
6,"rs9467471",0,25342417,66675
6,"rs1569558",0,25342432,66676
6,"rs74813022",0,25342548,66677
6,"rs12192517",0,25342609,66678
6,"rs2744233",0,25342741,66679
6,"rs12193883",0,25342755,66680
6,"6:25342836:ATCTT",0,25342836,66681
6,"rs34283429",0,25342915,66682
6,"rs75784835",0,25343245,66683
6,"rs940404",0,25343444,66684
6,"rs940403",0,25343505,66685
6,"rs1569559",0,25343512,66686
6,"rs77509878",0,25343741,66687
6,"rs79917354",0,25343771,66688
6,"rs1076668",0,25343805,66689
6,"rs9379759",0,25343823,66690
6,"rs760864",0,25343987,66691
6,"rs2744234",0,25344086,66692
6,"rs2690092",0,25344324,66693
6,"rs73399941",0,25344418,66694
6,"rs78839652",0,25344487,66695
6,"rs115103534",0,25344680,66696
6,"rs115862270",0,25344734,66697
6,"rs2690093",0,25344987,66698
6,"rs78280411",0,25345037,66699
6,"rs80206583",0,25345074,66700
6,"rs79693813",0,25345251,66701
6,"rs4712915",0,25345295,66702
6,"rs77436908",0,25345356,66703
6,"rs79840009",0,25345558,66704
6,"rs9393641",0,25345844,66705
6,"rs142634419",0,25345974,66706
6,"rs2690094",0,25345981,66707
6,"rs2690095",0,25346334,66708
6,"6:25346399:A_AG",0,25346399,66709
6,"rs2690096",0,25346413,66710
6,"rs116626667",0,25346414,66711
6,"rs2690097",0,25346742,66712
6,"6:25346944:GA_G",0,25346944,66713
6,"rs2690098",0,25346955,66714
6,"rs2690099",0,25346985,66715
6,"rs4712916",0,25347380,66716
6,"rs17678852",0,25347613,66717
6,"rs6456671",0,25347646,66718
6,"rs74412351",0,25347728,66719
6,"rs79118127",0,25348062,66720
6,"rs2328853",0,25348189,66721
6,"rs9986608",0,25348377,66722
6,"rs9986335",0,25348399,66723
6,"rs59821513",0,25348490,66724
6,"rs139436607",0,25348616,66725
6,"rs116790746",0,25348745,66726
6,"rs148635052",0,25348753,66727
6,"rs112268831",0,25348760,66728
6,"rs72830715",0,25348784,66729
6,"rs76546740",0,25349053,66730
6,"rs76725563",0,25349257,66731
6,"rs73399971",0,25349436,66732
6,"rs4712917",0,25349541,66733
6,"rs77482574",0,25349651,66734
6,"rs7750545",0,25349996,66735
6,"rs7770521",0,25350023,66736
6,"rs145655407",0,25350157,66737
6,"rs76537146",0,25350708,66738
6,"rs77192487",0,25350760,66739
6,"rs2744235",0,25351244,66740
6,"6:25351477:A_AT",0,25351477,66741
6,"rs11967836",0,25352637,66742
6,"rs2690059",0,25353197,66743
6,"rs115639976",0,25353334,66744
6,"rs2744236",0,25353374,66745
6,"rs1883392",0,25354122,66746
6,"rs1880272",0,25354218,66747
6,"rs79609187",0,25354424,66748
6,"rs75352650",0,25354449,66749
6,"6:25354886:GA_G",0,25354886,66750
6,"rs7748771",0,25355099,66751
6,"rs2744237",0,25355115,66752
6,"rs7749494",0,25355304,66753
6,"rs9461142",0,25355743,66754
6,"rs2744238",0,25356078,66755
6,"rs2744239",0,25356350,66756
6,"6:25357208:G_GGG",0,25357208,66757
6,"rs140916016",0,25357564,66758
6,"rs79441875",0,25357636,66759
6,"rs56930318",0,25357671,66760
6,"rs80112394",0,25358611,66761
6,"rs11759658",0,25359545,66762
6,"rs11759648",0,25359637,66763
6,"rs6456678",0,25359903,66764
6,"rs10946764",0,25361014,66765
6,"rs10946765",0,25361055,66766
6,"rs73383424",0,25361120,66767
6,"rs6905765",0,25361611,66768
6,"rs4712919",0,25362624,66769
6,"rs144413404",0,25362654,66770
6,"rs9348673",0,25362857,66771
6,"rs4712920",0,25363049,66772
6,"rs57899991",0,25363132,66773
6,"rs60982159",0,25363156,66774
6,"rs79225889",0,25363472,66775
6,"rs76300007",0,25363553,66776
6,"rs16890471",0,25363622,66777
6,"6:25363625:A_AT",0,25363625,66778
6,"rs6933419",0,25363972,66779
6,"rs6933921",0,25364017,66780
6,"rs76119492",0,25364266,66781
6,"rs80161994",0,25364331,66782
6,"rs6913927",0,25364341,66783
6,"rs13215347",0,25364481,66784
6,"rs78578594",0,25364645,66785
6,"rs75689543",0,25364784,66786
6,"rs78180012",0,25365072,66787
6,"rs79542694",0,25365099,66788
6,"rs75109273",0,25365131,66789
6,"rs1013045",0,25365840,66790
6,"rs116418977",0,25365888,66791
6,"rs115869907",0,25365901,66792
6,"rs1028347",0,25366699,66793
6,"6:25366765:TG_T",0,25366765,66794
6,"rs76933872",0,25367371,66795
6,"rs78811054",0,25367440,66796
6,"rs10456044",0,25367710,66797
6,"rs77925174",0,25368194,66798
6,"rs113460997",0,25368267,66799
6,"rs75238515",0,25368495,66800
6,"rs76619442",0,25368712,66801
6,"rs80281737",0,25368745,66802
6,"rs77693901",0,25368876,66803
6,"rs9467476",0,25368978,66804
6,"rs77483728",0,25369256,66805
6,"rs9467477",0,25370066,66806
6,"rs11754013",0,25370200,66807
6,"rs926403",0,25370316,66808
6,"rs55731467",0,25370509,66809
6,"rs78536796",0,25370583,66810
6,"rs9467478",0,25370970,66811
6,"rs9461146",0,25371044,66812
6,"rs9461147",0,25371177,66813
6,"rs145636424",0,25371233,66814
6,"rs62392365",0,25371369,66815
6,"6:25372632:ATTAT",0,25372632,66816
6,"rs11752017",0,25372665,66817
6,"rs9379761",0,25372990,66818
6,"rs76086942",0,25373150,66819
6,"rs58924292",0,25373336,66820
6,"rs4712921",0,25373965,66821
6,"rs111722075",0,25374046,66822
6,"rs4712922",0,25374063,66823
6,"rs7760906",0,25374754,66824
6,"rs215016",0,25376818,66825
6,"rs12203442",0,25377798,66826
6,"rs1927695",0,25378113,66827
6,"rs114501545",0,25378465,66828
6,"rs1209305",0,25379270,66829
6,"rs4711082",0,25379926,66830
6,"rs11757140",0,25380135,66831
6,"rs79695080",0,25380818,66832
6,"6:25381088:CCTT_",0,25381088,66833
6,"rs169978",0,25381227,66834
6,"rs186207",0,25381300,66835
6,"rs215015",0,25381622,66836
6,"rs11759560",0,25382049,66837
6,"rs60556647",0,25382482,66838
6,"rs215014",0,25382486,66839
6,"rs58095699",0,25382569,66840
6,"rs57992726",0,25382743,66841
6,"rs12154021",0,25382770,66842
6,"rs9467480",0,25382884,66843
6,"rs115425228",0,25383017,66844
6,"rs9461148",0,25383240,66845
6,"rs215013",0,25383244,66846
6,"rs12203031",0,25383306,66847
6,"rs9461149",0,25383401,66848
6,"rs9467481",0,25383435,66849
6,"rs12211739",0,25383800,66850
6,"rs215012",0,25383814,66851
6,"rs73730705",0,25383843,66852
6,"rs79540199",0,25383897,66853
6,"rs114622824",0,25384231,66854
6,"rs113422523",0,25384345,66855
6,"rs215011",0,25384361,66856
6,"rs79815492",0,25384721,66857
6,"rs79222483",0,25384820,66858
6,"rs72830727",0,25384846,66859
6,"rs76549985",0,25384857,66860
6,"rs16890508",0,25385131,66861
6,"rs74965948",0,25385648,66862
6,"rs76118339",0,25385969,66863
6,"rs215009",0,25386334,66864
6,"rs188542",0,25386552,66865
6,"rs177333",0,25386603,66866
6,"rs55672111",0,25386712,66867
6,"rs12210416",0,25386772,66868
6,"rs77141910",0,25386862,66869
6,"rs56248376",0,25386922,66870
6,"rs9461151",0,25387486,66871
6,"rs10946767",0,25387664,66872
6,"rs10946768",0,25387688,66873
6,"rs72830731",0,25387825,66874
6,"rs80263729",0,25387964,66875
6,"rs12526062",0,25388087,66876
6,"rs12529416",0,25388089,66877
6,"rs72830733",0,25388297,66878
6,"6:25388426:TTC_T",0,25388426,66879
6,"rs72830734",0,25388545,66880
6,"rs115996918",0,25388599,66881
6,"rs111689622",0,25388626,66882
6,"rs77304110",0,25388657,66883
6,"rs113374638",0,25388845,66884
6,"rs112140973",0,25388938,66885
6,"rs72830739",0,25388950,66886
6,"rs4712924",0,25389208,66887
6,"rs4712925",0,25389334,66888
6,"6:25389521:ACTGT",0,25389521,66889
6,"rs72830741",0,25390204,66890
6,"rs115098760",0,25390503,66891
6,"6:25390536:ATATA",0,25390536,66892
6,"6:25390537:TATAT",0,25390537,66893
6,"rs4712926",0,25390606,66894
6,"rs9461152",0,25390870,66895
6,"rs35361710",0,25390939,66896
6,"rs4712927",0,25391149,66897
6,"rs72830743",0,25391293,66898
6,"rs1556043",0,25391326,66899
6,"rs72830745",0,25391382,66900
6,"rs72830747",0,25391674,66901
6,"rs79248604",0,25391837,66902
6,"rs4711083",0,25391947,66903
6,"6:25392264:GCA_G",0,25392264,66904
6,"6:25392265:CAT_C",0,25392265,66905
6,"rs192533405",0,25392326,66906
6,"rs10498723",0,25392345,66907
6,"rs10498724",0,25392371,66908
6,"rs72830750",0,25392749,66909
6,"rs716798",0,25392933,66910
6,"rs716796",0,25393146,66911
6,"rs74589007",0,25393235,66912
6,"rs716797",0,25393306,66913
6,"rs112897214",0,25393583,66914
6,"rs111793813",0,25393588,66915
6,"rs13211247",0,25393732,66916
6,"rs191461855",0,25393798,66917
6,"rs9461153",0,25393871,66918
6,"rs72830753",0,25393907,66919
6,"rs72830754",0,25393953,66920
6,"rs17316893",0,25394439,66921
6,"rs7751391",0,25394462,66922
6,"rs2182933",0,25394543,66923
6,"rs2182932",0,25394550,66924
6,"rs2149229",0,25394604,66925
6,"rs2149228",0,25394673,66926
6,"rs2328880",0,25394841,66927
6,"rs2328881",0,25394905,66928
6,"rs2328882",0,25395277,66929
6,"rs16890531",0,25395534,66930
6,"rs72830758",0,25395645,66931
6,"rs72830759",0,25395654,66932
6,"rs9467483",0,25395972,66933
6,"rs1328264",0,25396181,66934
6,"rs56125342",0,25396408,66935
6,"rs9467484",0,25396435,66936
6,"rs9467485",0,25396538,66937
6,"rs12524380",0,25396890,66938
6,"rs7341239",0,25397077,66939
6,"rs75042418",0,25397182,66940
6,"rs2182931",0,25397246,66941
6,"rs9467486",0,25397259,66942
6,"rs2149227",0,25397289,66943
6,"rs2149226",0,25397449,66944
6,"rs9467487",0,25397472,66945
6,"rs9467488",0,25397515,66946
6,"rs9467489",0,25397698,66947
6,"rs17251430",0,25398003,66948
6,"rs9461154",0,25398035,66949
6,"rs9467490",0,25398161,66950
6,"rs9467491",0,25398174,66951
6,"rs9461155",0,25398189,66952
6,"rs9461156",0,25398418,66953
6,"rs9348676",0,25398426,66954
6,"rs9295656",0,25398579,66955
6,"rs9467492",0,25398880,66956
6,"rs4367376",0,25398990,66957
6,"rs9366619",0,25399005,66958
6,"rs9467493",0,25399486,66959
6,"rs9467494",0,25400161,66960
6,"rs9461157",0,25400323,66961
6,"rs4712929",0,25400396,66962
6,"rs9461158",0,25401017,66963
6,"6:25401231:ATACT",0,25401231,66964
6,"6:25401236:TAC_T",0,25401236,66965
6,"6:25401507:CAA_C",0,25401507,66966
6,"rs985985",0,25401900,66967
6,"rs880225",0,25402158,66968
6,"rs985984",0,25402179,66969
6,"rs880226",0,25402303,66970
6,"rs2328883",0,25402531,66971
6,"rs9467496",0,25402622,66972
6,"rs2328884",0,25402633,66973
6,"rs881697",0,25402949,66974
6,"rs881696",0,25403061,66975
6,"rs9461159",0,25403107,66976
6,"rs10946770",0,25403432,66977
6,"rs10946771",0,25403477,66978
6,"rs10946772",0,25403496,66979
6,"rs4712930",0,25403707,66980
6,"rs6919767",0,25404499,66981
6,"rs6924540",0,25404749,66982
6,"rs115235757",0,25404898,66983
6,"rs9461160",0,25404970,66984
6,"rs9467499",0,25405002,66985
6,"rs9467500",0,25405074,66986
6,"6:25405082:A_AG",0,25405082,66987
6,"rs9467501",0,25405157,66988
6,"rs9461161",0,25405259,66989
6,"rs9461162",0,25405358,66990
6,"rs9461163",0,25405595,66991
6,"rs9467502",0,25405877,66992
6,"rs17317669",0,25406031,66993
6,"rs79794948",0,25406036,66994
6,"rs10946773",0,25406438,66995
6,"rs10946774",0,25406633,66996
6,"rs12662331",0,25406662,66997
6,"rs13214013",0,25406696,66998
6,"rs12662334",0,25406734,66999
6,"rs9461164",0,25406883,67000
6,"rs9467503",0,25406924,67001
6,"rs9461165",0,25406932,67002
6,"6:25407184:G_GAA",0,25407184,67003
6,"6:25407186:A_ATA",0,25407186,67004
6,"rs6937918",0,25407295,67005
6,"rs13217807",0,25407330,67006
6,"rs12201737",0,25407482,67007
6,"rs6938645",0,25407533,67008
6,"rs10946775",0,25407556,67009
6,"6:25407633:AT_A",0,25407633,67010
6,"rs12173289",0,25407778,67011
6,"rs10946776",0,25407980,67012
6,"rs10807003",0,25408057,67013
6,"rs79665799",0,25408104,67014
6,"rs984789",0,25408480,67015
6,"rs6906654",0,25408867,67016
6,"rs77566124",0,25409010,67017
6,"rs1576169",0,25409314,67018
6,"rs73387233",0,25409459,67019
6,"rs6912426",0,25409785,67020
6,"rs4440453",0,25409846,67021
6,"rs4368803",0,25410077,67022
6,"rs77551782",0,25410162,67023
6,"rs3896408",0,25410241,67024
6,"rs7750681",0,25410546,67025
6,"rs74767208",0,25410587,67026
6,"6:25410831:G_GAC",0,25410831,67027
6,"rs6456679",0,25410845,67028
6,"rs9366621",0,25410954,67029
6,"rs6456680",0,25411027,67030
6,"rs9379762",0,25411414,67031
6,"rs9379763",0,25411435,67032
6,"rs9358854",0,25411464,67033
6,"rs9358855",0,25412064,67034
6,"rs72831234",0,25412256,67035
6,"rs72831235",0,25412257,67036
6,"6:25412257:T_TAC",0,25412257,67037
6,"rs76914359",0,25412536,67038
6,"rs927986",0,25412628,67039
6,"rs111481643",0,25412683,67040
6,"rs4712934",0,25412702,67041
6,"rs4712935",0,25412801,67042
6,"rs927985",0,25412811,67043
6,"6:25412941:A_AG",0,25412941,67044
6,"rs927984",0,25412987,67045
6,"6:25413403:G_GT",0,25413403,67046
6,"rs77042711",0,25413416,67047
6,"rs1543603",0,25413922,67048
6,"rs9379764",0,25414023,67049
6,"rs1543602",0,25414163,67050
6,"rs72831238",0,25414173,67051
6,"rs9467504",0,25414325,67052
6,"rs72831239",0,25414402,67053
6,"rs72831240",0,25414412,67054
6,"rs9366622",0,25414537,67055
6,"rs1927693",0,25414846,67056
6,"rs12206709",0,25415117,67057
6,"rs6912017",0,25415701,67058
6,"rs1410440",0,25415730,67059
6,"rs11752825",0,25415845,67060
6,"rs1410439",0,25416005,67061
6,"rs1410438",0,25416055,67062
6,"rs9366623",0,25416162,67063
6,"rs9467505",0,25416318,67064
6,"rs72831243",0,25416900,67065
6,"rs56139105",0,25417112,67066
6,"rs4712936",0,25417423,67067
6,"rs9393642",0,25417445,67068
6,"rs9379765",0,25417466,67069
6,"rs9461166",0,25417956,67070
6,"rs9467506",0,25418257,67071
6,"rs10946778",0,25418295,67072
6,"rs79280850",0,25418404,67073
6,"rs9467507",0,25418453,67074
6,"rs9461167",0,25418571,67075
6,"rs7752195",0,25419094,67076
6,"rs55676708",0,25419135,67077
6,"rs12529915",0,25419136,67078
6,"rs72831244",0,25419268,67079
6,"rs9295657",0,25419318,67080
6,"rs58124843",0,25419358,67081
6,"rs72831246",0,25419697,67082
6,"rs7757294",0,25419863,67083
6,"rs7775145",0,25419880,67084
6,"rs913455",0,25420344,67085
6,"rs41271807",0,25420350,67086
6,"rs2076890",0,25420744,67087
6,"6:25420789:GGT_G",0,25420789,67088
6,"6:25420795:CCGA_",0,25420795,67089
6,"rs7762757",0,25420992,67090
6,"rs12191318",0,25421015,67091
6,"rs7742896",0,25421182,67092
6,"rs72831248",0,25421325,67093
6,"rs9467508",0,25421747,67094
6,"rs62392368",0,25422134,67095
6,"rs113798343",0,25422195,67096
6,"rs11968423",0,25422353,67097
6,"rs6921589",0,25422369,67098
6,"rs6921603",0,25422400,67099
6,"rs56313204",0,25422852,67100
6,"rs35954501",0,25423005,67101
6,"rs6927530",0,25423088,67102
6,"rs9348677",0,25423604,67103
6,"rs72831250",0,25423673,67104
6,"rs12525978",0,25423733,67105
6,"rs72831251",0,25423879,67106
6,"rs12153885",0,25424003,67107
6,"rs4632883",0,25424191,67108
6,"rs12213948",0,25424256,67109
6,"rs2039069",0,25424327,67110
6,"rs2039068",0,25424708,67111
6,"rs12202054",0,25425006,67112
6,"rs72831254",0,25425256,67113
6,"rs7774567",0,25425526,67114
6,"rs58657257",0,25426061,67115
6,"rs9358856",0,25426768,67116
6,"rs969645",0,25426858,67117
6,"rs1304166",0,25427858,67118
6,"rs62392385",0,25428700,67119
6,"rs722086",0,25428954,67120
6,"rs9348678",0,25429111,67121
6,"6:25429620:G_GCG",0,25429620,67122
6,"rs6456681",0,25429762,67123
6,"rs6456682",0,25429890,67124
6,"rs55937051",0,25430043,67125
6,"rs114542019",0,25430084,67126
6,"rs9379768",0,25430092,67127
6,"rs146583810",0,25430098,67128
6,"rs2328887",0,25430149,67129
6,"rs11966790",0,25430631,67130
6,"rs9348679",0,25430760,67131
6,"rs12200019",0,25430896,67132
6,"rs12200111",0,25430912,67133
6,"rs59284567",0,25431350,67134
6,"rs72831261",0,25431379,67135
6,"6:25431498:G_GTC",0,25431498,67136
6,"rs72831263",0,25431574,67137
6,"rs55917698",0,25432530,67138
6,"rs56293509",0,25432656,67139
6,"rs12524673",0,25432769,67140
6,"6:25433134:C_CTA",0,25433134,67141
6,"6:25433135:T_TA",0,25433135,67142
6,"rs12195837",0,25434243,67143
6,"rs9393644",0,25434304,67144
6,"rs1028886",0,25434470,67145
6,"rs1028885",0,25434518,67146
6,"rs9348680",0,25434832,67147
6,"rs7760659",0,25434842,67148
6,"rs7761140",0,25435184,67149
6,"rs41271809",0,25435524,67150
6,"6:25435654:AT_A",0,25435654,67151
6,"rs9467515",0,25435758,67152
6,"rs57541514",0,25435872,67153
6,"rs9461170",0,25436325,67154
6,"rs72831267",0,25436955,67155
6,"rs9379769",0,25437270,67156
6,"rs9467516",0,25437706,67157
6,"rs9461171",0,25437802,67158
6,"rs6900224",0,25437986,67159
6,"rs9358857",0,25438047,67160
6,"rs7449710",0,25438313,67161
6,"rs9467517",0,25438421,67162
6,"rs11751754",0,25439155,67163
6,"rs9366624",0,25439492,67164
6,"rs80297954",0,25439636,67165
6,"rs56006415",0,25439816,67166
6,"rs55678618",0,25440478,67167
6,"rs72831270",0,25441090,67168
6,"rs193211686",0,25441552,67169
6,"rs6919259",0,25441563,67170
6,"rs6905021",0,25441831,67171
6,"rs145146618",0,25441851,67172
6,"rs1876372",0,25442464,67173
6,"rs72831273",0,25442651,67174
6,"rs1876373",0,25442684,67175
6,"rs12193510",0,25443039,67176
6,"rs55998719",0,25443805,67177
6,"rs56090310",0,25444188,67178
6,"rs10946782",0,25444418,67179
6,"6:25444613:TA_T",0,25444613,67180
6,"rs6918354",0,25444614,67181
6,"rs6923082",0,25444761,67182
6,"rs115888922",0,25444966,67183
6,"rs75681007",0,25445269,67184
6,"rs9295659",0,25445302,67185
6,"rs78354561",0,25445902,67186
6,"rs62392388",0,25446283,67187
6,"rs9358858",0,25446308,67188
6,"rs79415097",0,25447269,67189
6,"rs72831274",0,25447517,67190
6,"rs34936309",0,25448211,67191
6,"rs72831275",0,25449080,67192
6,"rs4712938",0,25449269,67193
6,"rs9295661",0,25450026,67194
6,"6:25451206:TCTCC",0,25451206,67195
6,"6:25451212:C_CT",0,25451212,67196
6,"rs68183655",0,25451244,67197
6,"rs59921765",0,25451540,67198
6,"rs6934330",0,25452220,67199
6,"rs6935226",0,25452650,67200
6,"rs116272812",0,25452783,67201
6,"rs74662487",0,25453057,67202
6,"6:25453487:AC_A",0,25453487,67203
6,"6:25454868:AC_A",0,25454868,67204
6,"rs9356977",0,25454869,67205
6,"rs10498725",0,25455015,67206
6,"rs62392389",0,25455419,67207
6,"rs77371797",0,25455534,67208
6,"rs55728285",0,25455907,67209
6,"rs55946641",0,25456913,67210
6,"rs9467520",0,25456956,67211
6,"rs6456683",0,25457251,67212
6,"rs41368745",0,25457788,67213
6,"rs1328262",0,25458217,67214
6,"rs12525342",0,25460678,67215
6,"rs74335029",0,25460932,67216
6,"rs79445899",0,25461412,67217
6,"rs301401",0,25461868,67218
6,"rs4320355",0,25462824,67219
6,"rs9467521",0,25463364,67220
6,"rs9461175",0,25464088,67221
6,"rs301400",0,25464108,67222
6,"rs301399",0,25464199,67223
6,"rs301398",0,25464339,67224
6,"rs301397",0,25464492,67225
6,"rs41271811",0,25466245,67226
6,"rs9461177",0,25466455,67227
6,"rs79606827",0,25466589,67228
6,"rs301396",0,25466889,67229
6,"rs78114836",0,25466943,67230
6,"rs1980884",0,25467261,67231
6,"6:25467386:CAA_C",0,25467386,67232
6,"rs912449",0,25467522,67233
6,"rs1752776",0,25467970,67234
6,"rs429964",0,25468428,67235
6,"rs429961",0,25468429,67236
6,"rs2769703",0,25468825,67237
6,"rs74525527",0,25469120,67238
6,"rs16890640",0,25469331,67239
6,"rs399930",0,25469662,67240
6,"rs4712942",0,25470247,67241
6,"rs41271813",0,25472490,67242
6,"rs41271815",0,25472737,67243
6,"rs9393646",0,25472787,67244
6,"rs435596",0,25473064,67245
6,"rs384340",0,25473413,67246
6,"rs74760108",0,25473784,67247
6,"rs463121",0,25475131,67248
6,"rs11753635",0,25475429,67249
6,"rs73734011",0,25475790,67250
6,"rs396554",0,25475825,67251
6,"rs451413",0,25475826,67252
6,"rs395935",0,25475989,67253
6,"rs80123984",0,25476250,67254
6,"rs72839015",0,25476552,67255
6,"rs6910405",0,25476646,67256
6,"rs11756844",0,25476718,67257
6,"rs139984975",0,25477129,67258
6,"rs113147878",0,25477307,67259
6,"rs80023057",0,25477989,67260
6,"rs35330592",0,25478541,67261
6,"rs419563",0,25478611,67262
6,"rs396050",0,25479799,67263
6,"rs73734013",0,25480199,67264
6,"rs34991172",0,25480328,67265
6,"rs59703029",0,25480367,67266
6,"6:25480879:T_TTA",0,25480879,67267
6,"rs9467524",0,25481231,67268
6,"rs10498726",0,25481991,67269
6,"rs7454031",0,25482676,67270
6,"rs57684842",0,25483400,67271
6,"6:25483497:CT_C",0,25483497,67272
6,"rs4712943",0,25484295,67273
6,"rs9379770",0,25485838,67274
6,"rs13217797",0,25486014,67275
6,"rs10498727",0,25486154,67276
6,"rs301395",0,25486626,67277
6,"rs9295663",0,25486800,67278
6,"rs16890653",0,25487525,67279
6,"rs4712944",0,25488265,67280
6,"rs2274089",0,25488583,67281
6,"rs301394",0,25490089,67282
6,"rs12528639",0,25491807,67283
6,"rs1034050",0,25492364,67284
6,"rs17318575",0,25493238,67285
6,"rs9467527",0,25494110,67286
6,"6:25494311:ATAT_",0,25494311,67287
6,"rs12526321",0,25494503,67288
6,"rs17252870",0,25494666,67289
6,"rs9393647",0,25494796,67290
6,"rs410234",0,25494956,67291
6,"rs447724",0,25495218,67292
6,"rs13192826",0,25496657,67293
6,"rs7760799",0,25499895,67294
6,"rs301393",0,25500709,67295
6,"6:25500992:TA_T",0,25500992,67296
6,"rs115975471",0,25500993,67297
6,"rs34838201",0,25500995,67298
6,"rs1886251",0,25501030,67299
6,"rs2762354",0,25501260,67300
6,"rs7743652",0,25502076,67301
6,"rs72839025",0,25503598,67302
6,"rs17253044",0,25503735,67303
6,"rs9358859",0,25503851,67304
6,"rs7754961",0,25504357,67305
6,"rs407934",0,25504562,67306
6,"rs374087",0,25504649,67307
6,"rs12525553",0,25504877,67308
6,"rs443641",0,25505443,67309
6,"rs6924266",0,25505617,67310
6,"rs4711085",0,25505703,67311
6,"rs112510056",0,25505765,67312
6,"rs1747568",0,25506072,67313
6,"rs12199135",0,25506158,67314
6,"rs2762356",0,25506314,67315
6,"rs2762357",0,25506398,67316
6,"rs62392334",0,25506415,67317
6,"rs4097269",0,25506555,67318
6,"rs4097270",0,25506616,67319
6,"6:25506768:TCAAA",0,25506768,67320
6,"rs1924471",0,25506803,67321
6,"rs431039",0,25506972,67322
6,"rs2093825",0,25507009,67323
6,"rs450681",0,25507260,67324
6,"rs67245361",0,25507440,67325
6,"rs403453",0,25507500,67326
6,"rs2476824",0,25507584,67327
6,"rs2769701",0,25507624,67328
6,"rs35033684",0,25507639,67329
6,"rs421502",0,25507764,67330
6,"rs376290",0,25507784,67331
6,"rs412384",0,25507798,67332
6,"6:25507986:CTT_C",0,25507986,67333
6,"6:25508115:A_ACT",0,25508115,67334
6,"rs7738264",0,25508435,67335
6,"rs7758527",0,25508482,67336
6,"rs7738307",0,25508596,67337
6,"rs7758716",0,25508629,67338
6,"rs392465",0,25508868,67339
6,"rs406841",0,25508879,67340
6,"rs406339",0,25508965,67341
6,"6:25509008:G_GAT",0,25509008,67342
6,"6:25509356:AG_A",0,25509356,67343
6,"rs6928493",0,25509660,67344
6,"rs4568443",0,25509976,67345
6,"rs3915740",0,25510051,67346
6,"rs4559085",0,25510058,67347
6,"rs10946783",0,25510163,67348
6,"rs552165",0,25510236,67349
6,"rs403768",0,25510285,67350
6,"rs378713",0,25510300,67351
6,"rs9461183",0,25510649,67352
6,"6:25510696:CAT_C",0,25510696,67353
6,"6:25511169:C_CTT",0,25511169,67354
6,"6:25511171:T_TAC",0,25511171,67355
6,"rs448940",0,25511215,67356
6,"rs35785909",0,25511309,67357
6,"rs464096",0,25511324,67358
6,"rs2762355",0,25511687,67359
6,"rs495212",0,25511879,67360
6,"rs391544",0,25511912,67361
6,"rs369799",0,25511956,67362
6,"rs420098",0,25512007,67363
6,"rs453181",0,25512063,67364
6,"rs7751062",0,25512238,67365
6,"rs7769257",0,25512246,67366
6,"rs7769016",0,25512320,67367
6,"rs7769551",0,25512366,67368
6,"rs7769572",0,25512402,67369
6,"rs489748",0,25512465,67370
6,"rs366056",0,25512608,67371
6,"rs408734",0,25512689,67372
6,"rs402965",0,25512704,67373
6,"rs574578",0,25512924,67374
6,"rs574515",0,25512947,67375
6,"rs574453",0,25512966,67376
6,"rs541918",0,25513098,67377
6,"rs572657",0,25513147,67378
6,"rs1408280",0,25513240,67379
6,"rs1830798",0,25513276,67380
6,"rs1408281",0,25513344,67381
6,"rs301392",0,25513735,67382
6,"rs301391",0,25513969,67383
6,"rs35789010",0,25514179,67384
6,"rs301390",0,25514216,67385
6,"rs301389",0,25514488,67386
6,"rs301388",0,25514532,67387
6,"rs58000836",0,25514598,67388
6,"rs301387",0,25514647,67389
6,"rs301386",0,25514670,67390
6,"rs301385",0,25514808,67391
6,"rs301384",0,25515108,67392
6,"rs55728843",0,25515150,67393
6,"rs301383",0,25515234,67394
6,"rs301382",0,25515450,67395
6,"rs301381",0,25515576,67396
6,"rs301380",0,25515634,67397
6,"rs301379",0,25516126,67398
6,"rs301378",0,25516158,67399
6,"6:25516517:TCAAA",0,25516517,67400
6,"rs301377",0,25516745,67401
6,"rs17266491",0,25516795,67402
6,"rs301376",0,25517150,67403
6,"rs214736",0,25517157,67404
6,"rs9379771",0,25517372,67405
6,"rs301375",0,25517373,67406
6,"rs10946784",0,25517889,67407
6,"rs301374",0,25517923,67408
6,"rs301373",0,25518197,67409
6,"rs214735",0,25518567,67410
6,"rs9393648",0,25519272,67411
6,"rs301372",0,25519419,67412
6,"rs301371",0,25519515,67413
6,"rs301370",0,25519539,67414
6,"rs12665641",0,25519901,67415
6,"rs441472",0,25520038,67416
6,"rs16890706",0,25520094,67417
6,"rs184202",0,25520125,67418
6,"rs2769702",0,25520210,67419
6,"rs301369",0,25520772,67420
6,"6:25521598:GA_G",0,25521598,67421
6,"rs34164888",0,25521921,67422
6,"rs212938",0,25522443,67423
6,"rs212939",0,25522713,67424
6,"6:25523038:C_CAT",0,25523038,67425
6,"rs9356979",0,25525078,67426
6,"rs381300",0,25525120,67427
6,"rs435759",0,25525124,67428
6,"rs9366625",0,25525329,67429
6,"rs212940",0,25525369,67430
6,"rs149359690",0,25526319,67431
6,"rs214051",0,25526556,67432
6,"rs212941",0,25526702,67433
6,"rs214053",0,25527963,67434
6,"rs72839066",0,25528452,67435
6,"rs6913974",0,25528550,67436
6,"rs485567",0,25528913,67437
6,"rs391629",0,25529649,67438
6,"rs214056",0,25530084,67439
6,"rs9393649",0,25530569,67440
6,"rs214057",0,25531133,67441
6,"rs214058",0,25531368,67442
6,"6:25531560:T_TAG",0,25531560,67443
6,"rs17491869",0,25531925,67444
6,"rs72839070",0,25532885,67445
6,"rs9348683",0,25533327,67446
6,"rs12526480",0,25533534,67447
6,"rs150551",0,25533930,67448
6,"rs212927",0,25534677,67449
6,"rs212928",0,25534912,67450
6,"rs212929",0,25535032,67451
6,"rs150533",0,25535612,67452
6,"rs212930",0,25535636,67453
6,"rs212931",0,25535929,67454
6,"rs212932",0,25536105,67455
6,"rs77244967",0,25536591,67456
6,"rs214059",0,25536937,67457
6,"6:25537150:C_CT",0,25537150,67458
6,"rs214060",0,25537194,67459
6,"rs6935799",0,25537384,67460
6,"rs212934",0,25537934,67461
6,"rs79580305",0,25538447,67462
6,"rs212935",0,25538471,67463
6,"rs212936",0,25538860,67464
6,"rs212937",0,25539470,67465
6,"rs214064",0,25540718,67466
6,"rs214065",0,25540927,67467
6,"rs190045",0,25541836,67468
6,"rs969297",0,25543639,67469
6,"rs1206523",0,25543721,67470
6,"rs115074093",0,25543913,67471
6,"rs1410443",0,25544424,67472
6,"rs77260514",0,25544873,67473
6,"rs431659",0,25545151,67474
6,"6:25545644:TCA_T",0,25545644,67475
6,"6:25545645:CAT_C",0,25545645,67476
6,"rs6927384",0,25545950,67477
6,"rs394201",0,25546029,67478
6,"rs56285037",0,25546782,67479
6,"rs530145",0,25546801,67480
6,"6:25546899:A_AC",0,25546899,67481
6,"rs452447",0,25547240,67482
6,"rs441460",0,25548288,67483
6,"rs368638",0,25548573,67484
6,"rs454095",0,25549050,67485
6,"rs6931843",0,25550020,67486
6,"rs2064128",0,25550139,67487
6,"rs10456322",0,25550504,67488
6,"rs10456323",0,25550718,67489
6,"6:25551411:ATGTG",0,25551411,67490
6,"rs118855",0,25551882,67491
6,"rs169946",0,25552143,67492
6,"6:25552269:TTTTG",0,25552269,67493
6,"rs3804133",0,25552868,67494
6,"rs2072848",0,25553712,67495
6,"rs214048",0,25553716,67496
6,"rs2072849",0,25554148,67497
6,"rs214049",0,25554180,67498
6,"rs78975171",0,25554911,67499
6,"rs12192331",0,25555360,67500
6,"rs214050",0,25556249,67501
6,"rs9356980",0,25558426,67502
6,"6:25559799:CT_C",0,25559799,67503
6,"rs214054",0,25559898,67504
6,"rs214055",0,25560264,67505
6,"rs6902158",0,25561630,67506
6,"rs3827505",0,25561914,67507
6,"rs61340952",0,25564350,67508
6,"rs7776417",0,25566022,67509
6,"rs7738571",0,25566503,67510
6,"rs214066",0,25566528,67511
6,"rs3804127",0,25568117,67512
6,"rs3804126",0,25568581,67513
6,"rs3804125",0,25568616,67514
6,"rs3804124",0,25568942,67515
6,"rs72839082",0,25569710,67516
6,"rs12663643",0,25571333,67517
6,"rs9348685",0,25571426,67518
6,"rs4576241",0,25572082,67519
6,"rs9358860",0,25572245,67520
6,"rs7742338",0,25572530,67521
6,"rs9356981",0,25572729,67522
6,"rs9379772",0,25573168,67523
6,"rs4711086",0,25573378,67524
6,"6:25573629:A_ACC",0,25573629,67525
6,"rs72839085",0,25575053,67526
6,"rs926326",0,25575402,67527
6,"rs78793624",0,25575514,67528
6,"rs3804123",0,25576377,67529
6,"rs72839087",0,25577839,67530
6,"rs3827503",0,25577840,67531
6,"rs3827502",0,25577905,67532
6,"rs75580845",0,25578433,67533
6,"rs1022492",0,25579176,67534
6,"rs56383372",0,25579203,67535
6,"rs3804122",0,25579846,67536
6,"rs3804121",0,25579853,67537
6,"rs12207791",0,25580821,67538
6,"rs79588470",0,25581366,67539
6,"rs79681349",0,25582712,67540
6,"rs10434845",0,25582757,67541
6,"rs13203202",0,25582771,67542
6,"rs2328879",0,25583103,67543
6,"rs13192159",0,25584168,67544
6,"rs78341453",0,25584831,67545
6,"rs57141743",0,25585001,67546
6,"rs12192342",0,25585517,67547
6,"6:25585763:A_AT",0,25585763,67548
6,"rs6935612",0,25585844,67549
6,"rs12528159",0,25585941,67550
6,"rs114864537",0,25586264,67551
6,"rs12207668",0,25586392,67552
6,"rs12207674",0,25586427,67553
6,"rs9379773",0,25586588,67554
6,"rs9358863",0,25586592,67555
6,"rs9348686",0,25586820,67556
6,"rs28393611",0,25586946,67557
6,"rs3788994",0,25587836,67558
6,"rs75865451",0,25588285,67559
6,"rs72839088",0,25588780,67560
6,"rs13212936",0,25588815,67561
6,"rs75594716",0,25588835,67562
6,"rs7766874",0,25589165,67563
6,"rs72839089",0,25589519,67564
6,"rs7767930",0,25589592,67565
6,"rs9356983",0,25590098,67566
6,"rs1028318",0,25590224,67567
6,"rs17492120",0,25590311,67568
6,"rs1028319",0,25590553,67569
6,"6:25590833:A_AT",0,25590833,67570
6,"rs7739289",0,25590851,67571
6,"rs7738866",0,25590852,67572
6,"rs75063949",0,25591041,67573
6,"rs9348687",0,25592489,67574
6,"rs3804120",0,25592547,67575
6,"rs3804118",0,25592651,67576
6,"rs9295665",0,25594379,67577
6,"6:25595497:C_CT",0,25595497,67578
6,"6:25596410:AT_A",0,25596410,67579
6,"rs35676593",0,25596650,67580
6,"rs9379774",0,25597043,67581
6,"6:25597199:TA_T",0,25597199,67582
6,"6:25597201:AC_A",0,25597201,67583
6,"rs9393650",0,25597517,67584
6,"rs3788993",0,25599143,67585
6,"rs3788992",0,25599220,67586
6,"rs3788991",0,25599234,67587
6,"rs6903257",0,25600191,67588
6,"rs77346695",0,25600233,67589
6,"rs10456324",0,25600968,67590
6,"rs41271823",0,25601089,67591
6,"rs9295666",0,25601125,67592
6,"rs1883260",0,25601275,67593
6,"rs1883261",0,25601365,67594
6,"rs3827501",0,25601702,67595
6,"rs3804117",0,25601960,67596
6,"rs3804116",0,25601994,67597
6,"rs3804115",0,25602561,67598
6,"rs3804114",0,25602604,67599
6,"rs3804113",0,25602702,67600
6,"rs3804112",0,25602775,67601
6,"rs3804111",0,25602926,67602
6,"rs7746950",0,25603100,67603
6,"rs7747371",0,25603102,67604
6,"rs721803",0,25603622,67605
6,"rs4711088",0,25603721,67606
6,"rs114891703",0,25604193,67607
6,"rs11757420",0,25604493,67608
6,"rs1012898",0,25604715,67609
6,"rs1012899",0,25605091,67610
6,"rs1040417",0,25605313,67611
6,"rs1040418",0,25605373,67612
6,"rs7740510",0,25605512,67613
6,"6:25605586:TAATA",0,25605586,67614
6,"rs1980453",0,25605918,67615
6,"rs2294345",0,25606181,67616
6,"rs742130",0,25606672,67617
6,"rs742131",0,25606678,67618
6,"rs2077393",0,25607365,67619
6,"6:25607421:CCA_C",0,25607421,67620
6,"rs742132",0,25607571,67621
6,"rs7383628",0,25607876,67622
6,"rs3827500",0,25607908,67623
6,"rs3804110",0,25607968,67624
6,"rs3804109",0,25608009,67625
6,"rs3804108",0,25608215,67626
6,"rs3804107",0,25608359,67627
6,"rs59606579",0,25608370,67628
6,"rs3804106",0,25608374,67629
6,"rs9379775",0,25609278,67630
6,"rs111578861",0,25609365,67631
6,"rs6903817",0,25609477,67632
6,"rs6904044",0,25609643,67633
6,"rs6903765",0,25609738,67634
6,"rs6908390",0,25609756,67635
6,"rs11962024",0,25610203,67636
6,"rs2272824",0,25610615,67637
6,"rs75080831",0,25611826,67638
6,"rs3804105",0,25612683,67639
6,"rs2024874",0,25614046,67640
6,"rs1569483",0,25614595,67641
6,"rs55633691",0,25615202,67642
6,"rs55883446",0,25615347,67643
6,"6:25616072:G_GA",0,25616072,67644
6,"rs1321252",0,25616232,67645
6,"rs78912080",0,25616453,67646
6,"rs7751329",0,25616652,67647
6,"rs7771765",0,25616687,67648
6,"rs12528262",0,25616688,67649
6,"rs10946785",0,25617068,67650
6,"rs3804103",0,25617291,67651
6,"rs3804102",0,25617445,67652
6,"rs1997672",0,25617544,67653
6,"rs12191432",0,25618003,67654
6,"rs7761700",0,25618191,67655
6,"rs7761789",0,25618486,67656
6,"rs78151190",0,25619007,67657
6,"rs3747526",0,25619581,67658
6,"rs7739227",0,25621118,67659
6,"6:25621838:TG_T",0,25621838,67660
6,"rs72840507",0,25622105,67661
6,"rs2281070",0,25622116,67662
6,"rs2281071",0,25622212,67663
6,"rs941428",0,25622233,67664
6,"rs2281073",0,25622558,67665
6,"rs6918563",0,25622571,67666
6,"rs7765813",0,25624395,67667
6,"rs12183240",0,25624416,67668
6,"rs73397619",0,25624800,67669
6,"rs12201186",0,25625595,67670
6,"rs12201249",0,25625736,67671
6,"rs6456685",0,25626549,67672
6,"rs1980448",0,25626639,67673
6,"rs4413605",0,25626846,67674
6,"rs4383809",0,25626967,67675
6,"rs10223506",0,25627216,67676
6,"rs6905986",0,25627658,67677
6,"rs10946786",0,25627687,67678
6,"6:25627819:GA_G",0,25627819,67679
6,"rs990849",0,25628252,67680
6,"rs9295667",0,25628445,67681
6,"rs990850",0,25628511,67682
6,"rs9467538",0,25628688,67683
6,"rs2223323",0,25628852,67684
6,"rs2205933",0,25628924,67685
6,"rs1980449",0,25629658,67686
6,"rs1980450",0,25629747,67687
6,"rs1980451",0,25630091,67688
6,"rs1980452",0,25630136,67689
6,"rs9467539",0,25630231,67690
6,"rs9467541",0,25630549,67691
6,"rs9467542",0,25631053,67692
6,"rs2072842",0,25631179,67693
6,"rs2072843",0,25631230,67694
6,"rs2072844",0,25632041,67695
6,"rs2072845",0,25632153,67696
6,"rs2208041",0,25632342,67697
6,"rs1321251",0,25632751,67698
6,"rs1853049",0,25633052,67699
6,"rs9467544",0,25633152,67700
6,"rs62393683",0,25633432,67701
6,"rs113164182",0,25633829,67702
6,"rs73397648",0,25634033,67703
6,"rs7752611",0,25634110,67704
6,"rs7773087",0,25634440,67705
6,"rs4140641",0,25635400,67706
6,"rs16890878",0,25636915,67707
6,"rs1406926",0,25637117,67708
6,"rs16890880",0,25637208,67709
6,"rs1406925",0,25637468,67710
6,"rs58499973",0,25637632,67711
6,"6:25637633:T_TC",0,25637633,67712
6,"rs58262709",0,25637708,67713
6,"rs4588684",0,25638067,67714
6,"rs7774036",0,25638211,67715
6,"rs9467545",0,25638464,67716
6,"rs6456686",0,25638469,67717
6,"rs73397653",0,25639216,67718
6,"rs7762312",0,25639660,67719
6,"rs714563",0,25640166,67720
6,"rs73397658",0,25640202,67721
6,"rs10447385",0,25640674,67722
6,"rs10447386",0,25640727,67723
6,"rs932316",0,25641200,67724
6,"rs6456687",0,25641636,67725
6,"rs2281074",0,25641865,67726
6,"rs10447387",0,25642100,67727
6,"rs72840515",0,25642153,67728
6,"rs10447388",0,25642243,67729
6,"rs1321250",0,25642244,67730
6,"rs10447389",0,25642577,67731
6,"rs7741026",0,25642712,67732
6,"rs9358865",0,25642991,67733
6,"rs6913169",0,25643792,67734
6,"rs4712948",0,25643804,67735
6,"rs4712949",0,25644203,67736
6,"rs2205934",0,25644601,67737
6,"rs113493108",0,25644798,67738
6,"rs1406924",0,25645004,67739
6,"rs909663",0,25645314,67740
6,"rs876239",0,25645362,67741
6,"rs2328889",0,25645463,67742
6,"rs909664",0,25646002,67743
6,"6:25646126:GC_G",0,25646126,67744
6,"rs909665",0,25646145,67745
6,"6:25646260:G_GAC",0,25646260,67746
6,"rs9467547",0,25646796,67747
6,"rs10946787",0,25646839,67748
6,"rs6932016",0,25646943,67749
6,"rs9393653",0,25647295,67750
6,"rs1923027",0,25647354,67751
6,"6:25649507:G_GT",0,25649507,67752
6,"rs1883257",0,25649981,67753
6,"rs976958",0,25650096,67754
6,"rs1883258",0,25650159,67755
6,"rs11969981",0,25650817,67756
6,"6:25650865:ATATG",0,25650865,67757
6,"6:25650871:ATGT_",0,25650871,67758
6,"rs12528182",0,25651197,67759
6,"rs12524760",0,25651263,67760
6,"rs72840523",0,25651602,67761
6,"rs4140640",0,25651650,67762
6,"rs72840524",0,25651664,67763
6,"rs72840525",0,25651703,67764
6,"rs2294344",0,25652225,67765
6,"6:25652568:AG_A",0,25652568,67766
6,"rs1040419",0,25653090,67767
6,"rs9467550",0,25653401,67768
6,"rs10456325",0,25653436,67769
6,"6:25653566:T_TA",0,25653566,67770
6,"rs1406927",0,25653842,67771
6,"rs1884575",0,25654089,67772
6,"rs9379776",0,25654265,67773
6,"6:25654908:CCT_C",0,25654908,67774
6,"rs2281075",0,25654987,67775
6,"rs2072846",0,25655104,67776
6,"rs12527646",0,25655675,67777
6,"rs16890900",0,25655839,67778
6,"6:25655893:A_AT",0,25655893,67779
6,"rs10484591",0,25656661,67780
6,"rs12208868",0,25657286,67781
6,"rs12195457",0,25657403,67782
6,"rs2011472",0,25657463,67783
6,"rs2011465",0,25657540,67784
6,"rs4712950",0,25657590,67785
6,"rs56329220",0,25657845,67786
6,"6:25658229:TC_T",0,25658229,67787
6,"rs60513855",0,25658414,67788
6,"rs56034365",0,25658580,67789
6,"rs1003967",0,25658907,67790
6,"6:25659021:CA_C",0,25659021,67791
6,"rs1003688",0,25659172,67792
6,"rs9467552",0,25659219,67793
6,"rs72838858",0,25659305,67794
6,"rs10946788",0,25660510,67795
6,"rs12216281",0,25660808,67796
6,"rs9461188",0,25660972,67797
6,"rs9461189",0,25661064,67798
6,"rs2072850",0,25661368,67799
6,"rs9467555",0,25661549,67800
6,"rs2072847",0,25661887,67801
6,"rs2072851",0,25662332,67802
6,"rs7754155",0,25662686,67803
6,"rs1321248",0,25662803,67804
6,"rs1321247",0,25662873,67805
6,"rs9461190",0,25663360,67806
6,"rs73399723",0,25663610,67807
6,"rs10946789",0,25663903,67808
6,"rs9467556",0,25664185,67809
6,"rs12529390",0,25664679,67810
6,"rs9393654",0,25664981,67811
6,"rs12213891",0,25665041,67812
6,"rs7775000",0,25666164,67813
6,"rs7757280",0,25666532,67814
6,"rs12525376",0,25666684,67815
6,"rs56026359",0,25666814,67816
6,"rs7741329",0,25667010,67817
6,"rs7747078",0,25667939,67818
6,"rs12524429",0,25668075,67819
6,"rs56246159",0,25668700,67820
6,"rs2064763",0,25669157,67821
6,"rs2092161",0,25669183,67822
6,"rs56206297",0,25669278,67823
6,"rs2064125",0,25669305,67824
6,"rs2064126",0,25669496,67825
6,"rs2876691",0,25669525,67826
6,"rs2064127",0,25669636,67827
6,"rs2328891",0,25669669,67828
6,"rs2272825",0,25669833,67829
6,"rs4712952",0,25670792,67830
6,"rs2049967",0,25670825,67831
6,"rs12211682",0,25670946,67832
6,"6:25671265:AAG_A",0,25671265,67833
6,"6:25671626:CT_C",0,25671626,67834
6,"rs4712953",0,25671846,67835
6,"rs4712954",0,25671873,67836
6,"rs9461192",0,25672897,67837
6,"rs4711090",0,25673267,67838
6,"rs72838866",0,25673273,67839
6,"rs4711091",0,25674509,67840
6,"rs13217586",0,25674725,67841
6,"rs13201652",0,25674735,67842
6,"rs60626645",0,25674896,67843
6,"rs7755903",0,25674919,67844
6,"rs9467558",0,25675368,67845
6,"rs2010291",0,25675764,67846
6,"rs9358866",0,25675854,67847
6,"rs932319",0,25676114,67848
6,"rs1074707",0,25676397,67849
6,"rs1074706",0,25676740,67850
6,"rs6931627",0,25676815,67851
6,"6:25676996:TTTCC",0,25676996,67852
6,"rs6932536",0,25677315,67853
6,"rs9379777",0,25677933,67854
6,"rs9467561",0,25677954,67855
6,"rs6939153",0,25678678,67856
6,"rs6900762",0,25679044,67857
6,"6:25679711:GGT_G",0,25679711,67858
6,"rs2205935",0,25679960,67859
6,"6:25680126:CAA_C",0,25680126,67860
6,"6:25680127:AAAT_",0,25680127,67861
6,"6:25680273:CAA_C",0,25680273,67862
6,"rs1474595",0,25680331,67863
6,"rs12207370",0,25681141,67864
6,"rs2049968",0,25681753,67865
6,"rs3765236",0,25682262,67866
6,"rs6935832",0,25682929,67867
6,"rs1883259",0,25683280,67868
6,"6:25683858:G_GT",0,25683858,67869
6,"rs6942120",0,25683954,67870
6,"rs4712955",0,25684279,67871
6,"rs4711092",0,25684405,67872
